Date,Target_Price,Sentiment_GDELT,VIX_Close,logP,ret_log
2015-02-17,98.8842,-7.3944,15.85,4.593949468535468,
2015-02-18,99.0229,0.5546,16.74,4.595351136517146,0.0014016679816784006
2015-02-19,99.5126,0.1916,16.11,4.600284269313073,0.004933132795927442
2015-02-20,100.1779,-1.1567,15.73,4.6069476054418415,0.006663336128768016
2015-02-23,100.2796,-1.1297,15.05,4.607962284450865,0.0010146790090237445
2015-02-24,100.3535,1.0705,14.5,4.608698952561381,0.0007366681105160922
2015-02-25,100.104,1.2268,13.64,4.606209645562754,-0.00248930699862715
2015-02-26,100.6122,0.9738,13.55,4.6112735226785455,0.005063877115791371
2015-02-27,100.1687,-0.087,14.07,4.606855764601953,-0.004417758076592726
2015-03-02,101.0743,-0.214,13.9,4.615855889952519,0.009000125350565824
2015-03-03,100.603,-0.7153,13.35,4.611182078294558,-0.004673811657960769
2015-03-04,100.2149,0.4206,14.28,4.60731688019044,-0.003865198104118228
2015-03-05,100.3905,-3.3698,14.01,4.609067581266787,0.0017507010763475606
2015-03-06,99.2539,-0.526,14.61,4.59768121350561,-0.011386367761176963
2015-03-09,99.5403,-0.4144,15.72,4.60056258728964,0.0028813737840298614
2015-03-10,97.6922,1.0493,16.47,4.581821719628288,-0.018740867661351857
2015-03-11,97.1285,-1.2864,16.44,4.576034844074565,-0.00578687555372337
2015-03-12,97.7661,0.0968,16.45,4.582577891185303,0.006543047110738165
2015-03-13,97.341,0.9507,15.47,4.578220277621493,-0.004357613563810148
2015-03-16,98.5978,-3.1866,15.78,4.59104894898644,0.012828671364947475
2015-03-17,98.7549,-0.5767,16.31,4.592641022803352,0.001592073816911288
2015-03-18,99.7251,-2.3482,14.6,4.602417400548551,0.009776377745199127
2015-03-19,99.873,-1.3431,14.68,4.603899378854646,0.0014819783060948666
2015-03-20,100.5195,-0.3405,13.52,4.61035173852852,0.006452359673874142
2015-03-23,100.325,0.0735,13.52,4.608414916152981,-0.001936822375538938
2015-03-24,99.9637,0.6215,13.36,4.604807120087643,-0.003607796065337787
2015-03-25,97.6761,-0.9704,13.26,4.581656902715448,-0.023150217372195137
2015-03-26,97.3426,-1.2833,16.64,4.57823671454787,-0.00342018816757772
2015-03-27,97.7316,-1.8394,15.73,4.582224945852871,0.003988231305000589
2015-03-30,98.8523,-0.6503,14.76,4.593626816923077,0.011401871070206404
2015-03-31,97.8057,-0.3431,14.97,4.582982857551019,-0.010643959372058198
2015-04-01,97.2963,-0.2991,15.32,4.577760961747446,-0.00522189580357324
2015-04-02,97.3612,0.322,15.3,4.578427773993619,0.0006668122461732651
2015-04-06,98.1577,-0.9506,15.75,4.586575368995298,0.008147595001679164
2015-04-07,97.991,-1.0926,14.57,4.584875637718627,-0.0016997312766715567
2015-04-08,98.769,-1.8387,14.59,4.592783790337042,0.007908152618415265
2015-04-09,99.3895,-3.0151,14.14,4.599046474280068,0.006262683943026204
2015-04-10,99.797,-2.5388,13.2,4.603138122745364,0.004091648465295528
2015-04-13,99.547,-0.5426,13.17,4.600629894445873,-0.0025082282994910443
2015-04-14,99.2598,-1.3167,14.34,4.597740655246929,-0.002889239198943905
2015-04-15,99.8804,-1.3643,13.58,4.60397347020932,0.006232814962391586
2015-04-16,99.7415,-1.6748,13.27,4.602581839106555,-0.0013916311027655226
2015-04-17,98.1855,0.9975,13.97,4.586858546616788,-0.015723292489767005
2015-04-20,99.6581,-0.6871,13.67,4.601745327851133,0.014886781234345392
2015-04-21,100.0841,-0.2114,12.75,4.606010832545741,0.004265504694608069
2015-04-22,100.6306,-2.006,12.97,4.611456386364115,0.005445553818374194
2015-04-23,101.0103,-3.8761,12.96,4.615222491839653,0.0037661054755373513
2015-04-24,102.3811,0.414,12.21,4.628702125257711,0.01347963341805869
2015-04-27,102.1218,0.2633,12.34,4.6261662185399155,-0.0025359067177959105
2015-04-28,101.918,-0.1294,13.26,4.6241685683974065,-0.0019976501425089666
2015-04-29,101.2789,-1.4438,13.44,4.617878097357422,-0.006290471039984702
2015-04-30,99.6859,0.5192,13.89,4.602024242693619,-0.015853854663802736
2015-05-01,101.0011,-1.9312,13.98,4.615131407871061,0.013107165177442148
2015-05-04,101.1678,-0.0212,13.12,4.616780524404609,0.001649116533547712
2015-05-05,99.5192,-3.118,13.21,4.600350590373351,-0.016429934031258142
2015-05-06,98.8338,-0.9554,13.93,4.593439651512317,-0.006910938861033777
2015-05-07,99.4265,-2.3325,15.48,4.599418677728756,0.005979026216438754
2015-05-08,100.6677,1.2208,13.36,4.611824993554738,0.012406315825982617
2015-05-11,100.2786,-0.3964,13.35,4.607952312283184,-0.003872681271554157
2015-05-12,99.8248,-1.4245,14.73,4.603416649441142,-0.004535662842042321
2015-05-13,100.0286,-0.7508,13.63,4.605456145097888,0.002039495656745771
2015-05-14,101.492,-1.582,13.14,4.619979977641571,0.01452383254368339
2015-05-15,101.492,0.3851,12.46,4.619979977641571,0.0
2015-05-18,101.9365,-2.416,13.08,4.624350070400558,0.004370092758986921
2015-05-19,101.8254,-2.149,12.95,4.623259581835133,-0.0010904885654250407
2015-05-20,101.8902,0.0816,12.9,4.623895762885435,0.0006361810503019427
2015-05-21,102.4181,-2.1936,13.03,4.629063454798086,0.005167691912650874
2015-05-22,102.3163,-2.7853,12.37,4.62806899555343,-0.0009944592446560208
2015-05-26,101.14,0.5113,13.45,4.616505695651837,-0.011563299901593105
2015-05-27,102.7701,-1.6352,14.16,4.632494454683117,0.01598875903128061
2015-05-28,102.5386,-2.4746,13.49,4.630239313053845,-0.00225514162927265
2015-05-29,101.9273,-0.5593,13.59,4.624259814062687,-0.0059794989911576835
2015-06-01,102.2699,-0.2607,13.92,4.6276153970135905,0.003355582950903546
2015-06-02,101.9458,-1.4504,14.72,4.6244412995068265,-0.0031740975067640065
2015-06-03,102.2514,-1.7613,13.73,4.627434486760718,0.002993187253891527
2015-06-04,101.4734,1.1015,14.57,4.619796695170253,-0.007637791590465071
2015-06-05,101.2326,-1.5891,15.01,4.617420839366575,-0.0023758558036774957
2015-06-08,100.2046,-0.1562,14.84,4.607214095780649,-0.010206743585926326
2015-06-09,100.0379,-1.5487,15.18,4.605549114185733,-0.0016649815949163482
2015-06-10,101.4086,-1.6493,14.24,4.6191579001839695,0.013608785998236783
2015-06-11,101.5568,-1.676,13.04,4.620618247872175,0.0014603476882051325
2015-06-12,100.7232,-4.212,13.31,4.6123761604784175,-0.008242087393757203
2015-06-15,100.2231,-1.7723,15.48,4.607398701002906,-0.004977459475511203
2015-06-16,100.7695,-1.0294,15.62,4.612835730485816,0.005437029482910027
2015-06-17,101.0474,-2.4185,14.66,4.6155897136818975,0.0027539831960812222
2015-06-18,102.52,0.1108,14.03,4.630057901495871,0.014468187813973188
2015-06-19,102.0132,-2.717,13.35,4.625102216675997,-0.004955684819873518
2015-06-22,102.7651,0.3982,13.42,4.632445801216451,0.007343584540453918
2015-06-23,102.8487,-0.8076,12.5,4.633258976252433,0.0008131750359821055
2015-06-24,102.3195,0.107,12.57,4.628100270628468,-0.005158705623965254
2015-06-25,102.1153,-2.9466,12.96,4.626102567028979,-0.0019977035994891423
2015-06-26,101.4376,-1.3007,14.13,4.619443831103037,-0.0066587359259422385
2015-06-29,99.0425,-1.6077,16.7,4.595549050944037,-0.02389478015899993
2015-06-30,99.3953,-1.2733,17.6,4.599104828842406,0.00355577789836925
2015-07-01,100.1844,0.4733,16.63,4.607012487907278,0.007907659064872341
2015-07-02,100.2122,-0.9902,15.43,4.607289937726071,0.00027744981879251895
2015-07-06,99.9801,0.1313,18.65,4.604971166184964,-0.002318771541106379
2015-07-07,100.2308,-1.0629,17.22,4.6074755266471445,0.0025043604621801663
2015-07-08,98.4856,-3.54,17.38,4.58991034459742,-0.017565182049724903
2015-07-09,98.4299,-2.2218,17.46,4.589344619690182,-0.000565724907237275
2015-07-10,99.9337,-0.9877,17.45,4.604506966106398,0.015162346416215833
2015-07-13,101.6883,-1.6341,15.29,4.62191225218863,0.017405286082231797
2015-07-14,102.3567,-0.4459,13.91,4.628463771615975,0.006551519427344665
2015-07-15,102.4681,-1.0853,13.35,4.629551530627425,0.0010877590114501956
2015-07-16,103.9162,-0.2823,12.59,4.643584805104085,0.014033274476660473
2015-07-17,105.448,-0.1681,11.77,4.6582179404101645,0.014633135306079126
2015-07-20,105.81,0.7555,12.25,4.66164503291607,0.003427092505905449
2015-07-21,105.745,-1.151,12.42,4.661030535484714,-0.0006144974313562201
2015-07-22,104.5475,-0.1253,12.77,4.64964151358492,-0.011389021899793406
2015-07-23,104.1576,-0.0904,12.06,4.645905136720146,-0.003736376864774016
2015-07-24,103.1364,0.5238,12.87,4.636052383999692,-0.009852752720454383
2015-07-27,102.2824,-0.5843,15.6,4.6277376151457315,-0.00831476885396043
2015-07-28,103.1643,0.2337,14.87,4.636322862967239,0.00858524782150738
2015-07-29,103.5542,-1.8025,13.57,4.64009514713494,0.0037722841677014785
2015-07-30,104.0462,0.3225,12.72,4.644835031269327,0.0047398841343868625
2015-07-31,103.9255,-2.2416,12.03,4.643674296289023,-0.0011607349803037792
2015-08-03,103.6006,-1.0765,12.85,4.640543121314403,-0.0031311749746203432
2015-08-04,103.4056,-1.732,12.66,4.638659119215155,-0.0018840020992483275
2015-08-05,104.204,1.3467,12.02,4.646350516298408,0.007691397083252838
2015-08-06,102.533,-0.1889,12.2,4.630184697982802,-0.016165818315605485
2015-08-07,102.4031,-1.2821,13.57,4.628916985584676,-0.001267712398125731
2015-08-10,103.5727,-2.4852,12.73,4.640273781586083,0.011356796001406266
2015-08-11,102.2453,0.0505,13.24,4.627374828096282,-0.012898953489800746
2015-08-12,102.598,0.1307,15.19,4.630818439369286,0.003443611273004521
2015-08-13,102.4309,-1.7034,13.87,4.629188424898175,-0.0016300144711109965
2015-08-14,102.5888,-1.696,13.69,4.630728764984715,0.0015403400865396932
2015-08-17,103.4428,-0.4331,14.32,4.639018802929421,0.00829003794470573
2015-08-18,102.9136,-0.7048,13.41,4.63388980125927,-0.0051290016701504015
2015-08-19,102.2359,1.7727,14.84,4.627282888103689,-0.00660691315558104
2015-08-20,99.4046,0.5284,16.55,4.5991983902577465,-0.028084497845942913
2015-08-21,95.0601,-0.7932,22.55,4.554509323152489,-0.04468906710525733
2015-08-24,91.4025,0.2637,28.03,4.51527283038363,-0.03923649276885932
2015-08-25,91.059,-2.3974,31.13,4.5115076480760745,-0.0037651823075552926
2015-08-26,95.6449,-3.4826,31.13,4.56064237507111,0.049134726995035294
2015-08-27,98.0678,-1.9989,27.11,4.5856590761965546,0.02501670112544474
2015-08-28,98.0493,0.3197,26.69,4.585470413402184,-0.00018866279437013134
2015-08-31,96.8332,-1.1209,27.03,4.572989910686592,-0.012480502715592756
2015-09-01,93.8068,-0.5739,31.91,4.541237348054077,-0.0317525626325148
2015-09-02,96.4525,-1.7568,29.14,4.5690506591817055,0.027813311127628637
2015-09-03,95.9791,-3.1381,25.21,4.5641304594326035,-0.004920199749101961
2015-09-04,94.8373,0.1287,27.43,4.552162791791534,-0.011967667641069824
2015-09-08,97.5108,-1.5093,25.05,4.579963141100112,0.027800349308578554
2015-09-09,96.4154,0.5794,22.39,4.5686659398950065,-0.0112972012051058
2015-09-10,97.4644,-1.4784,26.87,4.579487183123139,0.010821243228132715
2015-09-11,98.0028,-1.4494,25.38,4.584996049690988,0.005508866567848436
2015-09-14,97.7058,1.273,24.03,4.58196092269098,-0.0030351270000075203
2015-09-15,98.8569,-1.3037,23.28,4.59367334991194,0.011712427220960109
2015-09-16,99.4139,-0.5313,22.57,4.599291942920167,0.005618593008226647
2015-09-17,99.451,0.2942,21.54,4.5996650605536,0.0003731176334333952
2015-09-18,98.0365,-2.3359,23.07,4.585339858308259,-0.01432520224534084
2015-09-21,98.3436,1.2491,21.97,4.588467469001363,0.0031276106931033
2015-09-22,96.8733,-0.5541,22.97,4.573403939132439,-0.015063529868923453
2015-09-23,96.9478,-1.3494,22.09,4.574172689321856,0.0007687501894171334
2015-09-24,96.5941,-2.1673,23.53,4.570517662748665,-0.003655026573190945
2015-09-25,95.7752,-2.3991,21.12,4.562003778812149,-0.008513883936516642
2015-09-28,93.0486,-1.1175,25.02,4.533121937300704,-0.028881841511444684
2015-09-29,92.5647,-0.6033,26.57,4.52790785947008,-0.00521407783062422
2015-09-30,94.6958,-0.3261,24.64,4.550669648627735,0.02276178915765481
2015-10-01,95.1238,-0.8181,23.14,4.555179201121991,0.004509552494256219
2015-10-02,96.7896,0.2534,23.99,4.572539550494125,0.017360349372133932
2015-10-05,98.1761,-1.8244,20.31,4.586762804883096,0.01422325438897154
2015-10-06,97.7108,0.0056,19.54,4.582012095416338,-0.004750709466758707
2015-10-07,98.2971,0.1407,18.96,4.587994525192001,0.005982429775663434
2015-10-08,98.688,-1.7165,18.62,4.591963358500809,0.003968833308808151
2015-10-09,99.1346,-1.1889,17.15,4.596478522680484,0.004515164179674791
2015-10-12,99.3765,0.7771,17.68,4.5989156672002,0.0024371445197157726
2015-10-13,98.7345,0.465,17.08,4.592434429436087,-0.006481237764113246
2015-10-14,98.5763,-0.3876,17.67,4.590830867604705,-0.0016035618313816613
2015-10-15,100.1955,-1.9856,17.62,4.607123277462631,0.016292409857926238
2015-10-16,100.6142,-0.2322,15.64,4.611293400785991,0.0041701233233597534
2015-10-19,101.1912,-2.0542,15.68,4.617011796550688,0.005718395764697348
2015-10-20,100.6701,-0.8152,15.17,4.61184883408543,-0.0051629624652580475
2015-10-21,100.0559,0.0816,14.98,4.605729029805793,-0.006119804279637542
2015-10-22,102.0938,-1.6554,15.02,4.625891998547168,0.02016296874137513
2015-10-23,104.9508,0.9825,13.46,4.653491668915055,0.027599670367886908
2015-10-26,105.0159,1.2803,14.76,4.654111767264803,0.0006200983497484103
2015-10-27,105.2299,-1.0597,15.75,4.656147480452925,0.0020357131881221235
2015-10-28,106.1047,-0.2289,15.14,4.664426342471051,0.008278862018125999
2015-10-29,105.9371,0.36,14.8,4.662845521756432,-0.001580820714619513
2015-10-30,105.4625,-0.0794,14.6,4.6583554394917455,-0.004490082264686279
2015-11-02,106.6537,0.5531,15.41,4.669587137236343,0.011231697744597646
2015-11-03,107.0259,-1.4664,14.33,4.673070861245828,0.00348372400948449
2015-11-04,107.0352,1.4519,14.04,4.673157752325111,8.689107928372408e-05
2015-11-05,106.7467,-0.6406,15.39,4.67045873828196,-0.0026990140431513154
2015-11-06,106.8212,-0.9526,14.91,4.671156408699864,0.0006976704179040283
2015-11-09,105.6859,0.0313,15.34,4.66047148757318,-0.010684921126683733
2015-11-10,105.416,0.4036,16.69,4.657914427242951,-0.0025570603302291772
2015-11-11,105.2858,-0.1177,15.07,4.656678557244954,-0.0012358699979975185
2015-11-12,104.2621,0.2192,17.06,4.646907921089924,-0.0097706361550296
2015-11-13,102.2148,-0.597,18.68,4.6270764813750755,-0.019831439714848464
2015-11-16,103.6852,-1.1909,20.51,4.641359385667267,0.014282904292191034
2015-11-17,103.7503,-1.2295,17.82,4.641987050672892,0.0006276650056253885
2015-11-18,105.7417,-2.8084,19.01,4.660999327848486,0.019012277175593617
2015-11-19,105.8162,-0.6133,16.25,4.661703626795295,0.0007042989468093452
2015-11-20,106.5327,-0.5338,16.13,4.668451980275175,0.006748353479880009
2015-11-23,106.2256,-1.4934,16.15,4.6655651343727795,-0.0028868459023954074
2015-11-24,106.1326,-0.8535,16.53,4.664689255730509,-0.0008758786422706777
2015-11-25,106.2256,-3.0102,15.55,4.6655651343727795,0.0008758786422706777
2015-11-27,106.3745,-1.0796,15.31,4.666965886529965,0.001400752157185714
2015-11-30,106.1047,-1.4144,15.55,4.664426342471051,-0.0025395440589139895
2015-12-01,107.1655,-2.634,15.61,4.674374368480633,0.009948026009581667
2015-12-02,106.5048,0.2785,15.04,4.668190054556374,-0.0061843139242592216
2015-12-03,104.6995,-1.4696,15.87,4.6510943423159,-0.017095712240474015
2015-12-04,107.1469,-1.5163,17.43,4.674200790096492,0.023106447780592454
2015-12-07,106.663,-2.3271,15.65,4.669674331534829,-0.00452645856166356
2015-12-08,106.6723,0.7972,17.69,4.669761518231132,8.71866963034762e-05
2015-12-09,105.0531,0.6038,18.05,4.654465936612864,-0.015295581618268272
2015-12-10,105.5277,-3.5053,19.25,4.658973477695182,0.0045075410823178785
2015-12-11,103.0989,-1.1987,21.36,4.635688721712845,-0.02328475598233659
2015-12-14,103.8805,-1.3526,24.7,4.643241200029017,0.007552478316172007
2015-12-15,104.5133,-1.7861,20.76,4.649314336033652,0.006073136004634883
2015-12-16,106.0674,-1.8058,19.25,4.6640747411023105,0.0147604050686585
2015-12-17,104.5226,1.4663,16.18,4.649403315964909,-0.014671425137401606
2015-12-18,102.5177,2.2179,19.34,4.630035466597311,-0.0193678493675975
2015-12-21,103.6565,1.5838,19.64,4.641082547962325,0.011047081365013867
2015-12-22,104.3379,-0.047,17.61,4.647634670882217,0.006552122919892156
2015-12-23,105.1126,-1.5696,15.86,4.6550321565202,0.007397485637982371
2015-12-24,105.0939,-2.1327,15.44,4.654854236236581,-0.00017792028361895973
2015-12-28,105.0379,-0.2039,17.65,4.654321237410836,-0.000532998825744535
2015-12-29,106.6901,-0.7736,15.91,4.669928370497898,0.01560713308706152
2015-12-30,105.7287,-0.6429,16.5,4.660876379199253,-0.009051991298644424
2015-12-31,104.4125,-0.3216,17.97,4.648349400082025,-0.012526979117228443
2016-01-04,102.2096,-2.1169,22.48,4.627025606821929,-0.02132379326009559
2016-01-05,102.0323,-0.7883,20.75,4.625289429822631,-0.001736176999298067
2016-01-06,101.0522,-1.8897,21.67,4.615637215012933,-0.009652214809698023
2016-01-07,97.8879,-1.0564,23.22,4.583822946392293,-0.031814268620640185
2016-01-08,97.0852,-2.1532,22.96,4.5755889434947665,-0.008234002897526516
2016-01-11,97.3838,-0.8908,25.58,4.5786598723797285,0.0030709288849619654
2016-01-12,98.5133,-0.7929,22.97,4.590191564443647,0.011531692063918797
2016-01-13,95.1156,-0.7156,21.72,4.5550929939534965,-0.03509857049015075
2016-01-14,97.1412,-2.6067,24.75,4.5761655901458065,0.021072596192309945
2016-01-15,94.1262,-1.2258,28.96,4.544636435042774,-0.03152915510303256
2016-01-19,94.3316,-1.1628,25.4,4.54681623424801,0.0021797992052361437
2016-01-20,94.0422,-0.3598,27.78,4.543743617698524,-0.0030726165494856517
2016-01-21,94.1356,-1.4275,27.79,4.544736295981188,0.0009926782826639169
2016-01-22,96.8611,-0.3669,24.21,4.573277993507748,0.028541697526559773
2016-01-25,95.4237,-1.4413,23.3,4.558326975274152,-0.014951018233595903
2016-01-26,96.2824,-1.9385,23.75,4.567285539899579,0.008958564625427101
2016-01-27,93.8835,-1.0335,22.88,4.542054651924011,-0.025230887975568272
2016-01-28,95.209,-0.6681,22.15,4.556074475144028,0.014019823220016825
2016-01-29,97.1972,-0.8309,21.59,4.576741904467114,0.020667429323085962
2016-02-01,97.4585,-2.2453,21.32,4.579426646367306,0.0026847419001923
2016-02-02,95.349,-0.4651,21.34,4.557543844314453,-0.0218828020528532
2016-02-03,94.8916,-0.7898,21.49,4.552735187472766,-0.0048086568416865205
2016-02-04,94.8823,-1.6346,22.29,4.552637176102315,-9.801137045162278e-05
2016-02-05,91.5873,-1.0937,22.09,4.51729261577959,-0.03534456032272448
2016-02-08,90.1872,-1.427,25.89,4.501887510125231,-0.015405105654359375
2016-02-09,89.9071,1.1567,28.3,4.498776914999795,-0.0031105951254355446
2016-02-10,90.2525,-2.0729,25.75,4.502611297660354,0.0038343826605586884
2016-02-11,90.1219,-1.0929,29.01,4.501163198342244,-0.0014480993181100743
2016-02-12,91.4939,0.1064,27.16,4.516272303392488,0.015109105050243876
2016-02-16,93.5568,-1.6685,24.96,4.538568738480349,0.022296435087860722
2016-02-17,95.6757,1.0631,23.4,4.5609643477208515,0.02239560924050288
2016-02-18,94.5836,0.5128,22.16,4.549484099506788,-0.011480248214063238
2016-02-19,94.8636,0.1465,22.39,4.552440070393464,0.002955970886675985
2016-02-22,96.4038,-1.4684,20.14,4.568545619926725,0.016105549533261154
2016-02-23,94.817,-1.2526,19.75,4.5519487180787035,-0.016596901848021872
2016-02-24,95.7223,0.9942,22.28,4.5614512911677085,0.00950257308900504
2016-02-25,96.6651,-1.1489,20.54,4.571252427284525,0.009801136116816878
2016-02-26,96.5438,-0.0028,18.89,4.5699967913802055,-0.001255635904319874
2016-02-29,95.6757,0.1504,20.49,4.5609643477208515,-0.009032443659354072
2016-03-01,98.7467,-0.7591,19.84,4.592557985501328,0.03159363778047641
2016-03-02,98.784,-1.7374,17.98,4.592935648319749,0.00037766281842088745
2016-03-03,98.5973,0.6906,17.25,4.591043877866518,-0.0018917704532306345
2016-03-04,98.6346,-1.3432,16.48,4.591422112832006,0.0003782349654875006
2016-03-07,98.0279,-0.5645,17.98,4.585252132030511,-0.006169980801495001
2016-03-08,97.2159,-1.8823,18.38,4.576934278335517,-0.008317853694993715
2016-03-09,97.8412,-1.5442,18.56,4.583345756226025,0.0064114778905084435
2016-03-10,97.6919,-0.8669,18.17,4.581818648754046,-0.00152710747197915
2016-03-11,99.4001,-1.435,17.09,4.599153119698239,0.017334470944192937
2016-03-14,99.5681,0.0973,17.01,4.600841832165101,0.0016887124668620856
2016-03-15,99.5307,-1.8539,17.6,4.6004661392886,-0.00037569287650107697
2016-03-16,100.4175,-2.432,15.96,4.609336494857508,0.008870355568907584
2016-03-17,100.3615,-2.0342,15.34,4.608778667580231,-0.0005578272772766013
2016-03-18,100.5187,-0.8236,14.05,4.6103437798420615,0.0015651122618303148
2016-03-21,100.912,-0.3481,14.57,4.614248849921295,0.0039050700792335746
2016-03-22,101.2209,2.0289,14.57,4.617305257269817,0.0030564073485219723
2016-03-23,100.3877,0.1184,14.57,4.609039689792511,-0.00826556747730578
2016-03-24,100.4158,-1.8082,16.3,4.609319565394117,0.0002798756016053616
2016-03-28,100.2754,0.0602,15.65,4.607920400678328,-0.0013991647157887144
2016-03-29,101.8856,0.0942,15.74,4.623850615228052,0.015930214549723765
2016-03-30,102.3818,-0.9557,13.69,4.628708962433781,0.00485834720572953
2016-03-31,102.232,-1.0884,13.73,4.627244740306402,-0.0014642221273790668
2016-04-01,103.318,-0.2667,15.23,4.637811610703854,0.010566870397451744
2016-04-04,102.9248,-1.192,13.88,4.633998624491584,-0.0038129862122699976
2016-04-05,101.9324,-0.9063,15.39,4.624309848473619,-0.00968877601796514
2016-04-06,103.6082,-1.3467,15.61,4.6406164772722915,0.01630662879867284
2016-04-07,102.1197,-0.8281,15.14,4.626145654648639,-0.014470822623652957
2016-04-08,102.0447,-1.7085,15.34,4.625410952581348,-0.0007347020672909821
2016-04-11,101.6702,-1.8725,15.34,4.621734241433753,-0.0036767111475946024
2016-04-12,102.5222,0.1146,15.98,4.6300793604930925,0.008345119059339545
2016-04-13,103.8329,-1.7223,14.49,4.642782876195954,0.012703515702861878
2016-04-14,103.8422,1.9647,13.9,4.642872439172028,8.956297607376484e-05
2016-04-15,103.5801,-0.1728,13.77,4.640345226432623,-0.002527212739405371
2016-04-18,104.1325,-0.7646,14.87,4.645664126704581,0.005318900271958249
2016-04-19,103.4958,0.318,13.18,4.6395310321719005,-0.006133094532680516
2016-04-20,103.5801,-1.3182,13.39,4.640345226432623,0.0008141942607222674
2016-04-21,103.5895,-0.679,13.2,4.640435973337636,9.074690501353899e-05
2016-04-22,102.026,0.2658,13.7,4.62522768276307,-0.015208290574566519
2016-04-25,102.026,-0.5927,14.07,4.62522768276307,0.0
2016-04-26,101.5298,1.2875,14.01,4.620352351450066,-0.004875331313003883
2016-04-27,100.7154,-1.7609,14.15,4.6122987175255385,-0.008053633924527404
2016-04-28,99.4983,-1.4686,14.53,4.600140558591454,-0.012158158934084895
2016-04-29,98.974,-0.0515,15.21,4.594857189379647,-0.005283369211806388
2016-05-02,99.9102,-0.2285,16.33,4.604271782544545,0.009414593164898122
2016-05-03,98.9834,-0.3449,14.92,4.594952159307592,-0.009319623236953234
2016-05-04,98.3468,-1.8454,15.47,4.588500007447573,-0.0064521518600191285
2016-05-05,98.3187,-0.4765,15.54,4.588214243038552,-0.00028576440902128297
2016-05-06,98.843,-1.6015,16.2,4.593532732743971,0.00531848970541926
2016-05-09,99.1238,-0.9111,15.2,4.596369573954875,0.0028368412109038843
2016-05-10,100.4813,0.918,13.98,4.609971640534284,0.013602066579409211
2016-05-11,99.5732,-2.5843,13.92,4.600893052077807,-0.009078588456477021
2016-05-12,99.1332,-2.1141,14.55,4.596464400367128,-0.004428651710679077
2016-05-13,98.7681,-0.7723,15.15,4.592774678124703,-0.003689722242424587
2016-05-16,100.0038,-1.5686,15.72,4.605208185266109,0.012433507141405897
2016-05-17,98.7493,0.3374,14.57,4.592584315148512,-0.012623870117597136
2016-05-18,99.1051,-1.2104,15.72,4.596180903180276,0.003596588031763659
2016-05-19,98.5902,-0.411,16.37,4.590971865188199,-0.005209037992076837
2016-05-20,99.6762,-0.6215,16.13,4.601926932322113,0.010955067133913587
2016-05-23,99.5451,-3.0929,16.33,4.6006108078020524,-0.0013161245200601357
2016-05-24,101.5392,-0.1357,16.03,4.620444930819707,0.019834123017654193
2016-05-25,102.2694,-3.027,14.19,4.627610507977597,0.007165577157890013
2016-05-26,102.569,-0.1556,13.8,4.630535742832386,0.002925234854789238
2016-05-27,103.1026,-1.5429,13.49,4.635724608939664,0.0051888661072778675
2016-05-31,103.2992,0.831,13.94,4.637629631661916,0.0019050227222523475
2016-06-01,103.3086,-1.9305,14.45,4.637720625322431,9.09936605149042e-05
2016-06-02,103.5239,-2.5756,14.42,4.639802503922391,0.0020818785999603406
2016-06-03,103.0371,-0.9723,13.78,4.635089117550044,-0.004713386372347195
2016-06-06,103.4116,2.3812,13.84,4.638717141468639,0.003628023918595069
2016-06-07,103.1494,-0.6183,12.77,4.636178422728651,-0.0025387187399878997
2016-06-08,103.3273,-0.1484,13.84,4.637901620009715,0.0017231972810636265
2016-06-09,103.1588,-1.2319,14.01,4.636269548529822,-0.0016320714798929714
2016-06-10,101.9886,0.4895,14.89,4.624861042332249,-0.011408506197573054
2016-06-13,101.1366,-3.1868,18.24,4.616472078317946,-0.008388964014303113
2016-06-14,101.1366,-0.2299,21.28,4.616472078317946,0.0
2016-06-15,100.8464,-0.8748,20.25,4.613598567184005,-0.0028735111339406316
2016-06-16,101.146,-0.8257,20.8,4.616565017601965,0.0029664504179596207
2016-06-17,99.9604,-2.1983,19.42,4.604774107559385,-0.011790910042579483
2016-06-20,100.5894,-0.9499,17.42,4.611046884320823,0.0062727767614374486
2016-06-21,100.9085,-2.1369,17.67,4.6142141656350075,0.0031672813141847556
2016-06-22,100.6644,-0.2248,18.26,4.611792211896967,-0.00242195373804055
2016-06-23,102.1006,0.1299,19.54,4.625958601744929,0.014166389847962257
2016-06-24,97.8953,0.2579,26.06,4.583898540212432,-0.04206006153249753
2016-06-27,95.9523,-0.6569,24.38,4.563851192984548,-0.020047347227883705
2016-06-28,98.0549,1.965,21.76,4.5855275258964765,0.021676332911928498
2016-06-29,99.7915,-0.3274,18.12,4.603083009349538,0.01755548345306135
2016-06-30,100.9461,-3.0287,16.91,4.614586711025947,0.011503701676408795
2016-07-01,101.453,-0.4054,15.59,4.619595637051952,0.005008926026005334
2016-07-05,100.8334,0.283,16.05,4.613469649959593,-0.006125987092358898
2016-07-06,101.6594,-0.025,15.87,4.621628009974977,0.008158360015383614
2016-07-07,101.9598,-2.3638,14.8,4.624578617952441,0.002950607977464159
2016-07-08,103.5368,-0.5548,14.64,4.639927105066082,0.01534848711364134
2016-07-11,104.1282,-1.654,13.25,4.645622832307697,0.005695727241614712
2016-07-12,104.6539,-0.2383,12.93,4.650658715278354,0.005035882970656935
2016-07-13,104.4004,-0.4729,13.32,4.648233506858823,-0.0024252084195310886
2016-07-14,105.1138,-0.8948,12.5,4.65504357278381,0.006810065924987008
2016-07-15,104.9448,-0.3697,13.12,4.653434497635604,-0.0016090751482060739
2016-07-18,105.6395,-6.3624,12.75,4.66003235436207,0.006597856726465956
2016-07-19,105.2546,-1.2009,12.53,4.6563821770706175,-0.003650177291452117
2016-07-20,106.4843,-0.7107,11.94,4.667997556442026,0.011615379371408885
2016-07-21,106.2402,0.5362,11.8,4.665702568256473,-0.002294988185553848
2016-07-22,106.6814,-1.544,12.8,4.669846822587283,0.0041442543308107815
2016-07-25,106.6908,-0.1955,12.64,4.669934931534991,8.810894770761024e-05
2016-07-26,106.8128,-0.8497,12.88,4.671077769531901,0.0011428379969098401
2016-07-27,107.5544,-0.8542,12.61,4.67799676608099,0.006918996549089229
2016-07-28,107.9299,-0.7573,12.51,4.6814819423103735,0.003485176229383491
2016-07-29,108.1645,1.0706,12.85,4.683653216458775,0.0021712741484014586
2016-08-01,108.7371,1.1528,11.89,4.688933042243148,0.005279825784373138
2016-08-02,107.9111,-0.0249,12.39,4.681307740003605,-0.0076253022395427195
2016-08-03,108.2678,-0.7353,13.53,4.68460778754492,0.0033000475413142993
2016-08-04,108.5776,-1.5574,12.73,4.687465124714875,0.0028573371699556205
2016-08-05,109.6195,2.2229,12.08,4.69701527839611,0.009550153681234796
2016-08-08,109.4975,-0.426,11.66,4.695901717945695,-0.0011135604504151075
2016-08-09,109.7509,-1.4562,11.4,4.698213252377238,0.002311534431543194
2016-08-10,109.4693,0.6161,11.55,4.695644144650054,-0.0025691077271838836
2016-08-11,109.9386,1.1084,11.93,4.699922028132769,0.004277883482714628
2016-08-12,110.0137,-1.3939,11.61,4.70060490349182,0.0006828753590513159
2016-08-15,110.4831,-1.5666,11.81,4.704862568084643,0.004257664592822508
2016-08-16,109.873,-0.2339,12.04,4.699325153336829,-0.0055374147478133295
2016-08-17,110.0701,-0.5825,12.57,4.701117435547652,0.0017922822108227265
2016-08-18,110.0982,1.0158,12.2,4.70137269482115,0.0002552592734978987
2016-08-19,110.0701,-2.3794,11.67,4.701117435547652,-0.0002552592734978987
2016-08-22,110.1545,-0.4813,12.53,4.701883925795627,0.000766490247975149
2016-08-23,110.3517,-0.5201,12.15,4.703672538111947,0.001788612316319771
2016-08-24,109.6383,-1.862,12.7,4.697186766024337,-0.006485772087610364
2016-08-25,109.4599,-0.2687,13.62,4.695558272139619,-0.001628493884717308
2016-08-26,109.6195,-0.8297,13.54,4.69701527839611,0.0014570062564907005
2016-08-29,109.7697,-0.0892,14.09,4.698384534708335,0.0013692563122251755
2016-08-30,109.413,-0.0527,12.94,4.695129712909877,-0.003254821798458707
2016-08-31,109.3003,0.419,13.14,4.6940991399179754,-0.0010305729919011242
2016-09-01,109.582,-0.1814,13.07,4.696673127449462,0.0025739875314867433
2016-09-02,109.9386,-1.2216,13.47,4.699922028132769,0.0032489006833067435
2016-09-06,110.6239,-0.6192,12.42,4.7061361597758316,0.006214131643062615
2016-09-07,110.6896,-1.1032,11.89,4.706729887695095,0.0005937279192638201
2016-09-08,110.0419,0.6603,11.74,4.700861202355875,-0.00586868533922047
2016-09-09,107.2728,-0.1426,12.52,4.675375122627212,-0.02548607972866268
2016-09-12,109.1971,-0.378,20.13,4.69315450618161,0.01777938355439801
2016-09-13,108.2208,0.1529,15.98,4.684173584536185,-0.008980921645425077
2016-09-14,108.7371,-2.0949,17.63,4.688933042243148,0.004759457706962955
2016-09-15,110.4268,-1.8882,17.97,4.70435285800629,0.015419815763141997
2016-09-16,110.3741,-1.5421,16.41,4.703875504870495,-0.0004773531357953331
2016-09-19,109.8941,-0.822,15.14,4.699517174800141,-0.004358330070354022
2016-09-20,110.1012,-0.4386,14.98,4.7013999428518,0.0018827680516588785
2016-09-21,111.1833,-1.295,15.07,4.711180190682243,0.0097802478304434
2016-09-22,112.0679,-0.1167,13.39,4.719104937599803,0.007924746917559844
2016-09-23,111.3528,-1.1834,12.0,4.71270353932346,-0.006401398276342896
2016-09-26,110.4211,-1.3212,13.26,4.704301238769691,-0.008402300553768782
2016-09-27,111.5127,-2.0362,13.36,4.714138485759199,0.009837246989508053
2016-09-28,111.7009,-0.9641,12.9,4.7158247633390245,0.0016862775798252017
2016-09-29,110.8916,0.8765,12.53,4.708553147574171,-0.007271615764853578
2016-09-30,111.7197,-1.3421,14.91,4.71599305578873,0.00743990821455931
2016-10-03,111.5597,0.1494,13.75,4.714559873619781,-0.0014331821689488322
2016-10-04,111.3904,-0.0598,13.4,4.7130411478372745,-0.0015187257825068912
2016-10-05,111.7856,-0.1807,13.56,4.716582750994255,0.0035416031569805995
2016-10-06,111.7292,-1.2307,13.11,4.716078086415471,-0.0005046645787842863
2016-10-07,111.4845,-0.8315,13.52,4.713885567783993,-0.0021925186314781797
2016-10-10,112.1903,-0.2274,14.19,4.720196536588417,0.006310968804424277
2016-10-11,110.5905,-0.9116,13.71,4.705834190281497,-0.014362346306920237
2016-10-12,110.4964,-2.1907,15.53,4.704982941241574,-0.0008512490399228412
2016-10-13,110.1012,-0.3902,16.88,4.7013999428518,-0.0035829983897741613
2016-10-14,110.2329,-1.8815,16.49,4.702595400256573,0.00119545740477367
2016-10-17,109.9318,-0.0511,17.01,4.699860173512937,-0.0027352267436366873
2016-10-18,110.9105,-2.8988,15.82,4.708723569766257,0.008863396253320666
2016-10-19,110.901,-1.5956,15.45,4.708637911448219,-8.565831803863944e-05
2016-10-20,110.7693,0.3234,14.43,4.707449660108314,-0.0011882513399044115
2016-10-21,111.1833,-0.0372,14.04,4.711180190682243,0.003730530573928803
2016-10-24,112.5196,-0.1922,13.19,4.723127428691768,0.01194723800952513
2016-10-25,112.162,1.3286,12.91,4.719944254796342,-0.0031831738954259947
2016-10-26,111.3998,1.155,13.66,4.713125532159435,-0.006818722636906749
2016-10-27,110.8916,-0.3831,14.37,4.708553147574171,-0.004572384585264544
2016-10-28,110.1953,0.5255,15.67,4.702254246081521,-0.006298901492649556
2016-10-31,110.0918,0.3249,16.31,4.701314563207527,-0.0009396828739944851
2016-11-01,109.2636,-1.0168,16.54,4.693763311353927,-0.0075512518535996165
2016-11-02,108.3885,0.4732,19.09,4.685721994816871,-0.008041316537056531
2016-11-03,107.3251,-0.5928,19.85,4.67586254585955,-0.009859448957320716
2016-11-04,106.9487,0.9599,21.86,4.672349280241823,-0.003513265617726802
2016-11-07,109.4895,-0.3916,19.78,4.695828654247817,0.023479374005994202
2016-11-08,110.2047,0.9487,18.92,4.702339545537108,0.006510891289290832
2016-11-09,110.7128,1.9325,20.7,4.706939460853155,0.004599915316046754
2016-11-10,108.9249,-1.3651,14.01,4.690658653940197,-0.016280806912957857
2016-11-11,108.9719,-0.157,14.83,4.691090050828347,0.00043139688814974875
2016-11-14,107.8709,-0.2222,14.69,4.680935141728818,-0.010154909099528986
2016-11-15,109.3672,-0.8413,14.16,4.694711027849079,0.013775886120261482
2016-11-16,110.0165,-0.3214,13.51,4.700630354543541,0.005919326694461269
2016-11-17,110.8164,-0.5126,13.37,4.70787477780056,0.007244423257019683
2016-11-18,110.4023,-0.5502,13.56,4.704130966959317,-0.0037438108412430893
2016-11-21,111.5503,-0.3913,13.27,4.714475610251886,0.010344643292568456
2016-11-22,111.8892,1.6764,12.26,4.717509095914724,0.003033485662838231
2016-11-23,111.4374,0.9766,12.34,4.713462998258963,-0.004046097655760583
2016-11-25,111.795,-1.3521,12.52,4.716666837001767,0.0032038387428032777
2016-11-28,111.541,-1.775,13.4,4.7143922363148,-0.0022746006869667212
2016-11-29,111.9268,-2.6356,13.07,4.717845086195612,0.003452849880812181
2016-11-30,110.5717,0.7228,12.6,4.705664179311762,-0.012180906883849651
2016-12-01,108.6614,0.0863,13.4,4.688236625266402,-0.01742755404536034
2016-12-02,108.8778,0.3253,14.16,4.690226152407992,0.001989527141589953
2016-12-05,109.7247,-0.4156,13.75,4.6979745014625625,0.007748349054570447
2016-12-06,109.9882,-0.7003,12.19,4.700373087311013,0.0023985858484509848
2016-12-07,111.381,0.338,11.59,4.712956756393798,0.012583669082784965
2016-12-08,111.5786,-0.3972,12.1,4.714729275287224,0.0017725188934258895
2016-12-09,112.4538,-2.0091,12.59,4.72254247063116,0.00781319534393532
2016-12-12,111.9456,-0.647,12.23,4.7180130390119865,-0.004529431619173074
2016-12-13,113.3571,-2.3331,12.46,4.730543012839245,0.012529973827258623
2016-12-14,113.1219,1.1703,12.88,4.728465998329695,-0.0020770145095498904
2016-12-15,113.3007,-0.5044,13.07,4.730045346302607,0.0015793479729113713
2016-12-16,112.8807,-0.153,12.88,4.726331508801022,-0.003713837501584827
2016-12-19,113.3432,-3.3569,12.5,4.730420383976227,0.004088875175205509
2016-12-20,113.7773,-2.0774,11.65,4.7342430290356665,0.003822645059439189
2016-12-21,113.6924,-0.0234,11.44,4.7334965559542646,-0.000746473081401966
2016-12-22,113.3715,0.1078,11.32,4.730670036955474,-0.002826518998790384
2016-12-23,113.447,-0.733,11.38,4.731335767509097,0.0006657305536226232
2016-12-27,114.0322,-2.1848,12.26,4.736480864651621,0.00514509714252398
2016-12-28,113.145,-0.2928,11.89,4.728670181973704,-0.007810682677916958
2016-12-29,112.9845,0.5149,13.15,4.727250641162338,-0.0014195408113657493
2016-12-30,111.8236,-0.6304,13.2,4.716922629678726,-0.010328011483611732
2017-01-03,112.8241,0.1114,14.07,4.725829968725787,0.008907339047060425
2017-01-04,113.4376,-0.2019,12.78,4.731252906001481,0.00542293727569465
2017-01-05,114.0793,0.2275,11.96,4.73689382060228,0.005640914600798297
2017-01-06,115.0798,-0.8016,11.7,4.745625800760391,0.008731980158111163
2017-01-09,115.4573,-0.2962,11.71,4.748900764637379,0.003274963876988224
2017-01-10,115.7122,-2.3839,11.59,4.7511060737573665,0.0022053091199873975
2017-01-11,116.0236,-2.0105,11.56,4.753793618689433,0.0026875449320664657
2017-01-12,115.8443,-0.223,11.48,4.752247048114215,-0.0015465705752175651
2017-01-13,116.2407,0.5493,11.45,4.755663041267295,0.0034159931530792775
2017-01-17,115.8915,0.9837,12.2,4.752654408570845,-0.0030086326964493537
2017-01-18,116.1274,0.2015,11.79,4.754687864304719,0.0020334557338737014
2017-01-19,116.0708,-1.8703,12.58,4.754200349749301,-0.00048751455541840016
2017-01-20,116.3256,3.029,12.58,4.756393155680015,0.0021928059307141368
2017-01-23,116.42,-0.2367,12.3,4.75720434184359,0.0008111861635748951
2017-01-24,117.2034,0.1683,11.82,4.763910886961031,0.006706545117441287
2017-01-25,118.3832,-0.0255,10.79,4.773926820490407,0.010015933529375687
2017-01-26,118.5058,-0.8572,10.61,4.774961904525091,0.0010350840346839973
2017-01-27,118.7324,-0.2328,10.57,4.77687222140417,0.0019103168790790548
2017-01-30,117.8074,-1.0761,11.1,4.76905108758066,-0.007821133823509463
2017-01-31,117.5715,-3.4583,12.29,4.767046659154986,-0.002004428425673943
2017-02-01,118.3832,-0.7102,11.79,4.773926820490407,0.006880161335420354
2017-02-02,118.2793,0.6949,12.37,4.773048776806466,-0.0008780436839401773
2017-02-03,118.6191,-0.978,11.84,4.775917519128383,0.002868742321916251
2017-02-06,118.7607,0.7069,11.37,4.777110544118673,0.0011930249902905032
2017-02-07,119.1948,-1.7705,11.39,4.780759129518614,0.0036485853999410622
2017-02-08,119.393,-0.952,11.19,4.7824205727742415,0.0016614432556272263
2017-02-09,119.8272,0.2566,11.44,4.786050704985642,0.0036301322114002943
2017-02-10,120.2236,-2.8184,10.85,4.789353342263319,0.0033026372776774338
2017-02-13,120.9031,-0.9334,11.36,4.794989398317663,0.0056360560543433635
2017-02-14,121.309,-0.6586,11.17,4.798341009405351,0.003351611087688333
2017-02-15,122.0263,0.6191,10.84,4.804236595271062,0.005895585865711261
2017-02-16,121.9885,-2.0839,12.02,4.803926777995205,-0.000309817275857327
2017-02-17,122.5171,-0.626,11.84,4.808250612079482,0.0043238340842775
2017-02-21,123.1211,0.8172,12.05,4.813168423863682,0.004917811784199699
2017-02-22,123.1683,0.0843,11.48,4.813551712795953,0.00038328893227124183
2017-02-23,122.7058,-1.0282,11.66,4.809789620363337,-0.003762092432616271
2017-02-24,122.9418,0.5479,11.81,4.811711072660114,0.001921452296777204
2017-02-27,123.0928,0.1381,11.78,4.812938542446552,0.0012274697864373962
2017-02-28,122.7153,-2.4263,12.19,4.809867038319696,-0.0030715041268551957
2017-03-01,124.0555,-0.9486,12.31,4.820729046115859,0.01086200779616231
2017-03-02,123.4326,-1.1533,12.43,4.815695258104994,-0.005033788010864626
2017-03-03,123.6591,-2.2785,11.96,4.817528586083559,0.001833327978564725
2017-03-06,123.3854,-1.356,11.59,4.815312790046948,-0.0022157960366104845
2017-03-07,123.1777,-0.349,11.27,4.8136280282222605,-0.0016847618246877971
2017-03-08,123.3949,-0.0365,11.49,4.815389781605875,0.001761753383614284
2017-03-09,123.4892,-0.0751,11.75,4.816153702851398,0.0007639212455234912
2017-03-10,124.0083,-2.629,11.97,4.820348498848828,0.004194795997429779
2017-03-13,124.2159,-0.5233,12.16,4.822021180629275,0.001672681780447327
2017-03-14,123.9139,-2.9375,11.39,4.819586969590358,-0.0024342110389170557
2017-03-15,124.6784,0.395,12.12,4.825737621964693,0.006150652374334875
2017-03-16,124.5935,-3.005,11.29,4.8250564380584215,-0.0006811839062716984
2017-03-17,124.55,-0.5746,11.38,4.8247072417081895,-0.0003491963502320061
2017-03-20,124.6635,-1.6541,11.71,4.825618107354291,0.0009108656461016551
2017-03-21,122.7719,1.0808,11.15,4.8103281621665035,-0.015289945187787701
2017-03-22,123.6042,-3.255,12.95,4.817084525028788,0.006756362862284426
2017-03-23,123.2921,0.1561,12.65,4.814556336747,-0.002528188281788246
2017-03-24,123.5474,2.3093,12.86,4.816624888101493,0.002068551354493131
2017-03-27,123.746,0.7238,14.78,4.81823107769407,0.0016061895925769676
2017-03-28,124.5027,-0.2549,12.44,4.824327402416596,0.006096324722526525
2017-03-29,125.0796,-1.4376,11.54,4.828950334631217,0.004622932214620512
2017-03-30,125.2877,-0.1235,11.37,4.830612692678155,0.0016623580469383725
2017-03-31,125.2025,-0.6135,11.61,4.8299324265177574,-0.0006802661603977356
2017-04-03,125.1269,1.8238,12.59,4.829328422335282,-0.000604004182475748
2017-04-04,125.3255,-3.5629,12.71,4.830914352768579,0.0015859304332970225
2017-04-05,124.8148,-0.334,11.89,4.826831038647709,-0.004083314120869375
2017-04-06,124.881,-1.2075,13.11,4.827361283862495,0.0005302452147857295
2017-04-07,124.8148,-1.3886,13.17,4.826831038647709,-0.0005302452147857295
2017-04-10,124.8621,-2.3216,13.24,4.82720992832926,0.0003788896815510867
2017-04-11,124.323,-2.8151,14.32,4.822883017602314,-0.0043269107269461315
2017-04-12,123.8217,-1.3683,15.16,4.81884262760433,-0.004040389997983951
2017-04-13,123.3299,-0.4368,15.89,4.814862878744843,-0.003979748859487486
2017-04-17,124.3513,-2.3246,16.19,4.8231106245574535,0.008247745812610674
2017-04-18,124.1622,-1.3632,14.5,4.821588775350093,-0.0015218492073607592
2017-04-19,124.3608,0.0454,14.0,4.8231870181064975,0.0015982427564047441
2017-04-20,125.4012,-2.7115,14.59,4.831518197531024,0.00833117942452688
2017-04-21,125.3728,-0.7372,13.85,4.831291698770217,-0.00022649876080738096
2017-04-24,126.886,-0.1729,11.56,4.843289045545256,0.011997346775038942
2017-04-25,127.8034,-0.6038,10.81,4.85049314565841,0.007204100113153977
2017-04-26,127.6238,-2.4484,10.61,4.849086873894103,-0.0014062717643072986
2017-04-27,128.3899,-0.249,10.72,4.8550717277258295,0.005984853831726866
2017-04-28,128.6169,-0.8992,10.39,4.85683821841035,0.0017664906845205053
2017-05-01,129.7612,-0.7458,10.92,4.865695838166512,0.008857619756161839
2017-05-02,129.9787,-3.0928,10.15,4.8673705908774885,0.0016747527109766125
2017-05-03,129.5626,-0.6355,10.56,4.864164162023969,-0.003206428853519405
2017-05-04,129.6099,-0.2825,10.71,4.864529169889581,0.0003650078656116662
2017-05-05,130.0828,-1.7428,10.51,4.868171170783088,0.0036420008935076353
2017-05-08,130.3665,-1.1863,10.53,4.870349714647131,0.0021785438640424815
2017-05-09,130.8205,-0.516,9.87,4.873826154571321,0.0034764399241904442
2017-05-10,130.8961,1.1414,9.75,4.874403878736336,0.0005777241650148923
2017-05-11,130.7921,0.0712,10.34,4.873609039645576,-0.0007948390907603908
2017-05-12,131.0853,-2.0011,10.72,4.87584825633637,0.002239216690794521
2017-05-15,131.5014,-1.326,10.54,4.879017497948979,0.0031692416126087863
2017-05-16,132.05,-1.2871,10.46,4.883180638743141,0.004163140794162246
2017-05-17,128.6925,-1.8606,11.89,4.857425837845748,-0.025754800897392904
2017-05-18,129.818,-2.016,14.06,4.866133469539954,0.008707631694205631
2017-05-19,130.3665,1.8457,14.23,4.870349714647131,0.004216245107176775
2017-05-22,131.4636,0.967,12.29,4.878730007216294,0.008380292569163394
2017-05-23,131.5961,-1.2913,11.0,4.879737383193725,0.0010073759774309465
2017-05-24,132.2013,-1.9671,10.61,4.884325760954713,0.004588377760987861
2017-05-25,133.3268,-0.9525,9.82,4.892803257239333,0.00847749628461969
2017-05-26,133.5633,-0.5504,9.93,4.8945755227666226,0.001772265527289818
2017-05-30,133.6767,-0.1811,10.61,4.895424198165562,0.0008486753989398466
2017-05-31,133.6295,-3.9038,10.1,4.895071045111196,-0.00035315305436611766
2017-06-01,134.1496,-1.9472,10.42,4.898955595130326,0.0038845500191300175
2017-06-02,135.6819,-0.8293,10.08,4.91031317548328,0.011357580352953534
2017-06-05,135.6534,2.4649,10.08,4.910103103295071,-0.00021007218820923157
2017-06-06,135.1143,-0.4325,10.19,4.906121086885054,-0.003982016410016165
2017-06-07,135.644,-1.3701,10.48,4.910033806648632,0.003912719763577321
2017-06-08,135.7859,0.97,10.27,4.911079380573445,0.0010455739248129703
2017-06-09,132.3905,0.2955,9.93,4.88575588866273,-0.025323491910715035
2017-06-12,131.6812,0.4779,11.19,4.880383849888451,-0.005372038774278387
2017-06-13,132.7499,-1.412,11.12,4.888466906826096,0.008083056937644884
2017-06-14,132.173,-0.4765,10.33,4.884111670552521,-0.004355236273575258
2017-06-15,131.5866,-2.2711,11.06,4.879665189998624,-0.004446480553896848
2017-06-16,131.0156,-0.8416,10.63,4.875316400080684,-0.004348789917940188
2017-06-19,133.2064,-0.6127,10.57,4.891899805000066,0.01658340491938226
2017-06-20,132.1632,-1.2474,10.28,4.884037522554596,-0.007862282445469937
2017-06-21,133.4719,-2.0231,11.03,4.8938909687934435,0.009853446238847319
2017-06-22,133.434,-0.0946,10.81,4.893606973570748,-0.0002839952226958431
2017-06-23,133.9461,-0.7378,10.25,4.8974374802252125,0.003830506654464827
2017-06-26,133.3202,1.4803,10.13,4.892753753588429,-0.004683726636783625
2017-06-27,130.9019,-1.8869,10.04,4.874448187707382,-0.018305565881046704
2017-06-28,132.7891,-0.5562,11.17,4.888762155360471,0.014313967653088788
2017-06-29,130.4846,0.3111,9.79,4.871255212136461,-0.01750694322401003
2017-06-30,130.532,-0.4884,11.74,4.87161840743148,0.00036319529501938064
2017-07-03,129.1569,-2.326,11.07,4.861027944363267,-0.010590463068213651
2017-07-05,130.4277,-0.9547,11.2,4.870819050246799,0.009791105883532047
2017-07-06,129.2517,-0.0212,11.2,4.861761666106683,-0.009057384140115587
2017-07-07,130.6458,-1.1923,12.48,4.872489844492377,0.010728178385694065
2017-07-10,131.4994,-2.4398,11.26,4.879002288869767,0.006512444377389848
2017-07-11,131.8692,-1.8513,10.79,4.881810522220483,0.002808233350715561
2017-07-12,133.434,-0.3395,10.85,4.893606973570748,0.01179645135026508
2017-07-13,133.728,-1.9125,10.07,4.895807886265505,0.0022009126947573066
2017-07-14,134.7807,-0.4944,10.09,4.903649013153493,0.007841126887988104
2017-07-17,134.8471,-3.4657,9.77,4.904141543978151,0.0004925308246575
2017-07-18,135.748,-0.0406,9.86,4.910800225740505,0.006658681762353957
2017-07-19,136.5446,0.0711,9.69,4.916651301183889,0.005851075443384701
2017-07-20,136.7248,-0.9874,9.66,4.917970146441494,0.0013188452576047283
2017-07-21,136.6679,-3.9157,9.52,4.917553895379768,-0.0004162510617256032
2017-07-24,137.2938,-0.7605,9.94,4.9221231551629305,0.004569259783162138
2017-07-25,136.9429,-0.8408,9.4,4.919564050626564,-0.002559104536366874
2017-07-26,137.3887,-2.1858,9.25,4.922814134775944,0.003250084149380328
2017-07-27,136.5257,0.2402,9.33,4.916512875291142,-0.006301259484802202
2017-07-28,136.4118,-0.7236,10.62,4.915678251931494,-0.0008346233596476793
2017-07-31,135.8333,-0.5563,10.53,4.911428398614005,-0.004249853317489283
2017-08-01,136.1463,-1.626,10.19,4.913730042841573,0.002301644227568289
2017-08-02,136.5162,-1.2116,10.08,4.916443288901625,0.002713246060052299
2017-08-03,135.9851,-0.575,10.47,4.9125453209105165,-0.003897967991108864
2017-08-04,136.2316,-1.3573,10.48,4.914356378552279,0.0018110576417624813
2017-08-07,137.0947,-0.614,10.19,4.920671927907101,0.0063155493548219255
2017-08-08,136.8576,-0.2074,10.04,4.918940969202244,-0.0017309587048570663
2017-08-09,136.6774,-0.2245,11.49,4.917623404531773,-0.0013175646704706168
2017-08-10,133.747,-0.7144,11.57,4.89594995561802,-0.021673448913753113
2017-08-11,134.7617,-1.3987,16.17,4.903508033478077,0.007558077860056578
2017-08-14,136.4972,-0.8709,14.05,4.916304101594111,0.012796068116034398
2017-08-15,136.592,-1.5498,11.78,4.916998380267951,0.0006942786738397544
2017-08-16,136.8291,-0.5987,11.59,4.918732701865154,0.0017343215972029924
2017-08-17,134.0314,-1.8442,11.81,4.898074100858519,-0.020658601006634747
2017-08-18,133.9366,-1.2105,15.38,4.8973665536591895,-0.0007075471993296389
2017-08-21,133.7659,1.2662,14.59,4.896091257215299,-0.0012752964438904613
2017-08-22,135.8049,-0.2561,12.6,4.911219296947865,0.015128039732566378
2017-08-23,135.3212,-0.2574,11.51,4.907651211741944,-0.003568085205921001
2017-08-24,134.9229,0.1276,12.06,4.904703504181248,-0.0029477075606960668
2017-08-25,134.6384,1.6261,12.2,4.902592666270645,-0.0021108379106031805
2017-08-28,135.0557,-0.4585,12.09,4.905687285938103,0.003094619667457721
2017-08-29,135.5867,-0.4585,13.33,4.909611288100013,0.003924002161910245
2017-08-30,137.18,0.645,11.4,4.921293932071175,0.011682643971162143
2017-08-31,138.65,-1.0266,11.07,4.931952772061787,0.010658839990611568
2017-09-01,138.4603,0.556,10.33,4.930583641938273,-0.0013691301235141395
2017-09-05,137.218,-2.0787,11.75,4.921570902021706,-0.009012739916566481
2017-09-06,137.6352,-2.6949,12.27,4.924606706737921,0.003035804716215118
2017-09-07,137.9576,2.3364,11.93,4.926946391570555,0.0023396848326333597
2017-09-08,136.7627,-2.4339,11.87,4.9182473071910175,-0.008699084379537148
2017-09-11,138.337,-0.1243,11.38,4.929692737235406,0.011445430044388694
2017-09-12,138.6689,-1.8713,10.66,4.932089077232688,0.002396339997281949
2017-09-13,138.8586,-1.5918,10.72,4.933456149177227,0.001367071944538445
2017-09-14,138.043,-1.3909,10.57,4.927565230824712,-0.005890918352514873
2017-09-15,138.5172,-0.2702,10.51,4.930994505642368,0.0034292748176563137
2017-09-18,138.3357,-0.9231,10.18,4.929683339849976,-0.0013111657923916553
2017-09-19,138.5733,-0.4796,10.16,4.931399427505561,0.0017160876555841753
2017-09-20,138.1456,-0.0727,10.04,4.928308201423206,-0.003091226082355014
2017-09-21,137.2997,-1.5192,9.74,4.92216612777518,-0.006142073648025992
2017-09-22,137.1666,-2.7063,9.9,4.921196245422165,-0.0009698823530142064
2017-09-25,135.722,-1.2757,10.08,4.910608676029085,-0.010587569393080365
2017-09-26,136.0736,-1.0551,10.42,4.913195915823464,0.002587239794379137
2017-09-27,137.2997,-0.8207,9.9,4.92216612777518,0.008970211951715434
2017-09-28,137.2522,-0.3027,9.74,4.921820109405073,-0.00034601837010672654
2017-09-29,138.2406,1.7198,9.59,4.928995645324104,0.007175535919031084
2017-10-02,138.3642,0.3235,9.59,4.929889339202349,0.0008936938782451165
2017-10-03,138.6588,0.2149,9.3,4.932016239214672,0.002126900012322963
2017-10-04,138.7919,-3.0469,9.53,4.932975689021145,0.0009594498064728896
2017-10-05,140.151,-2.3155,9.48,4.942720412797614,0.0097447237764694
2017-10-06,140.3411,-0.9254,9.23,4.944075887900878,0.0013554751032636148
2017-10-09,140.1796,-2.1637,9.92,4.942924457594002,-0.0011514303068755893
2017-10-10,140.284,0.807,10.15,4.943668939265222,0.0007444816712194324
2017-10-11,140.7022,-0.5026,9.95,4.946645600103289,0.0029766608380672466
2017-10-12,140.4456,-2.3886,9.94,4.944820225184836,-0.0018253749184529156
2017-10-13,140.9873,0.1987,9.95,4.948669815399553,0.0038495902147168692
2017-10-16,141.4721,-1.2483,9.95,4.952102524497236,0.0034327090976828956
2017-10-17,141.6527,0.1896,9.85,4.953378287160874,0.001275762663637714
2017-10-18,141.4816,1.0782,10.34,4.952169673292276,-0.0012086138685978298
2017-10-19,140.9589,-1.6,10.22,4.948468358525185,-0.003701314767091013
2017-10-20,141.339,-0.8694,9.92,4.951161260099714,0.002692901574529394
2017-10-23,140.4171,-0.8588,10.25,4.944617279047113,-0.006543981052601566
2017-10-24,140.6547,-1.6371,10.89,4.946307950659104,0.0016906716119917675
2017-10-25,140.1225,0.3701,11.34,4.942517040019965,-0.003790910639139611
2017-10-26,139.6758,-1.2248,11.17,4.9393240229106965,-0.003193017109268226
2017-10-27,143.7436,0.4756,11.12,4.968031156947207,0.028707134036510595
2017-10-30,144.0667,-0.7227,10.28,4.9702763867790125,0.0022452298318054176
2017-10-31,144.6085,-1.3581,10.34,4.974030090846259,0.0037537040672468436
2017-11-01,144.561,-1.6204,9.79,4.973701563802936,-0.0003285270433233123
2017-11-02,144.2854,0.7471,10.44,4.971793282559798,-0.0019082812431383545
2017-11-03,145.673,1.2042,9.83,4.981364383743198,0.009571101183400543
2017-11-06,146.1672,-5.0825,9.63,4.984751171940208,0.0033867881970097713
2017-11-07,146.2528,-2.2152,9.31,4.985336631227843,0.0005854592876346487
2017-11-08,146.8421,-1.5996,9.79,4.989357859806677,0.004021228578833913
2017-11-09,146.0722,-0.6464,9.94,4.984101020021292,-0.005256839785384493
2017-11-10,146.0627,-1.7755,10.78,4.98403598157499,-6.503844630234568e-05
2017-11-13,146.2433,-0.867,11.43,4.9852716730967535,0.0012356915217637265
2017-11-14,145.711,-0.2373,11.53,4.981625207949163,-0.003646465147590483
2017-11-15,145.0267,-2.6472,12.52,4.976917863400301,-0.004707344548862125
2017-11-16,146.88,-1.6716,12.47,4.9896159268721805,0.012698063471879628
2017-11-17,146.3193,0.3312,11.75,4.985791220036175,-0.0038247068360055536
2017-11-20,146.2053,0.6271,11.96,4.985011798368587,-0.0007794216675875987
2017-11-21,147.7924,-1.8366,10.74,4.995808586353033,0.010796787984445722
2017-11-22,147.9731,-0.7686,9.6,4.997030500487597,0.0012219141345637397
2017-11-24,148.5148,-0.7275,9.82,5.000684616576361,0.0036541160887644253
2017-11-27,148.4482,-3.1489,10.07,5.000236075841545,-0.0004485407348164827
2017-11-28,148.8285,-1.9982,9.72,5.002794636317095,0.0025585604755500313
2017-11-29,146.2338,-0.0099,9.91,4.985206710745833,-0.017587925571262097
2017-11-30,147.4598,-0.6985,10.49,4.993555596260571,0.008348885514738669
2017-12-01,146.8326,-0.3254,11.19,4.9892931623710215,-0.004262433889549833
2017-12-04,145.1408,-0.381,11.05,4.977704305754326,-0.011588856616695509
2017-12-05,145.2358,-1.4021,11.38,4.9783586284744725,0.0006543227201465385
2017-12-06,145.8916,-1.1902,11.63,4.982863880190709,0.00450525171623628
2017-12-07,146.3858,-2.5674,10.9,4.9862456022874175,0.003381722096708728
2017-12-08,147.0321,-1.2512,10.0,4.990650930286996,0.004405327999578823
2017-12-11,148.1727,-1.587,9.74,4.998378485366827,0.007727555079831028
2017-12-12,147.9731,-1.7278,9.36,4.997030500487597,-0.0013479848792306015
2017-12-13,148.2582,-0.9015,9.78,4.998955348321203,0.0019248478336058028
2017-12-14,148.1537,0.1128,9.98,4.998250248395529,-0.0007050999256739132
2017-12-15,149.8359,0.0942,10.12,5.009540695241451,0.01129044684592273
2017-12-18,151.0921,-0.2726,9.46,5.017889584655755,0.008348889414303784
2017-12-19,150.1969,0.2128,9.4,5.011947099969241,-0.005942484686514149
2017-12-20,150.035,-0.9428,9.69,5.010868600211601,-0.0010784997576402944
2017-12-21,150.054,-3.0009,9.59,5.010995229311804,0.00012662910020289075
2017-12-22,149.8825,-1.1734,9.37,5.009851653797052,-0.001143575514751305
2017-12-26,149.073,-0.9588,10.19,5.004436118853435,-0.005415534943617573
2017-12-27,149.092,-1.6085,10.04,5.004563565066275,0.0001274462128399989
2017-12-28,149.2731,-0.5754,10.29,5.0057775141658185,0.001213949099543754
2017-12-29,148.3492,-0.8471,10.03,4.99956895406978,-0.006208560096038873
2018-01-02,150.9493,-2.8368,10.95,5.016944018844978,0.017375064775198013
2018-01-03,152.416,-1.0957,9.56,5.02661362461845,0.009669605773471979
2018-01-04,152.6827,-1.0673,9.01,5.02836191176573,0.0017482871472802586
2018-01-05,154.2161,0.5491,9.1,5.038354865536228,0.009992953770497692
2018-01-08,154.8161,-1.0026,9.61,5.042237960915423,0.0038830953791952894
2018-01-09,154.8256,-1.8843,9.41,5.042299322159745,6.13612443221001e-05
2018-01-10,154.4637,0.4316,10.11,5.039959117276072,-0.002340204883672925
2018-01-11,155.5209,0.1085,9.69,5.046780127732421,0.006821010456349086
2018-01-12,156.6638,-0.4067,9.74,5.054102107996246,0.007321980263824912
2018-01-16,156.2162,-0.5204,10.42,5.051240945215965,-0.0028611627802810347
2018-01-17,157.902,-1.3283,11.35,5.061974587425839,0.010733642209873828
2018-01-18,157.9305,-1.1337,12.01,5.0621550628365535,0.00018047541071464224
2018-01-19,158.4258,-1.9397,12.3,5.065286344904894,0.0031312820683409015
2018-01-22,160.1211,-0.1309,11.59,5.07593040394839,0.010644059043495524
2018-01-23,161.4449,-1.1921,10.77,5.08416390797819,0.008233504029799832
2018-01-24,160.3973,-1.5481,11.0,5.077653862373033,-0.006510045605156556
2018-01-25,160.3401,-1.8766,11.27,5.077297184289303,-0.0003566780837305217
2018-01-26,162.7974,0.5632,11.4,5.092506482924939,0.015209298635636692
2018-01-29,162.0069,0.6604,11.71,5.087638926917938,-0.0048675560070012835
2018-01-30,160.6735,-1.3804,13.93,5.0793743555984,-0.00826457131953795
2018-01-31,161.3402,-0.4132,14.23,5.083515179126258,0.00414082352785794
2018-02-01,159.9688,0.6014,13.05,5.074978796218855,-0.008536382907402995
2018-02-02,156.7781,-1.3072,13.64,5.054831429794426,-0.02014736642442916
2018-02-05,150.5969,-0.4425,18.44,5.014606730824584,-0.040224698969842265
2018-02-06,154.5876,-2.0767,37.32,5.040760925950799,0.02615419512621564
2018-02-07,152.5875,-1.2424,31.38,5.027738201995918,-0.013022723954881243
2018-02-08,146.1491,0.9627,27.29,4.984627333481503,-0.04311086851441459
2018-02-09,148.673,-0.47,32.18,5.001749263341423,0.017121929859919227
2018-02-12,151.3112,-1.5815,27.25,5.019338643170251,0.017589379828828022
2018-02-13,152.0922,-0.833,26.94,5.024486915898995,0.0051482727287446295
2018-02-14,154.9399,-0.7643,23.48,5.043037299792421,0.01855038389342578
2018-02-15,157.8163,1.3451,18.39,5.0614316983877,0.01839439859527925
2018-02-16,157.1115,-0.1612,18.74,5.05695574436476,-0.0044759540229399875
2018-02-20,157.4257,-1.589,20.53,5.058953600926776,0.0019978565620153432
2018-02-21,156.9781,-2.0848,20.76,5.056106305172751,-0.00284729575402487
2018-02-22,156.959,-1.4257,20.57,5.0559846247468085,-0.00012168042594229433
2018-02-23,160.1687,-0.7635,17.96,5.076227634770916,0.020243010024107555
2018-02-26,162.2926,-0.5381,16.53,5.089400878903139,0.013173244132222983
2018-02-27,160.283,1.2587,15.83,5.0769410028376,-0.012459876065539
2018-02-28,159.2544,1.6751,18.08,5.070502923583929,-0.006438079253671347
2018-03-01,156.6543,-0.9718,19.96,5.054041466750158,-0.016461456833770427
2018-03-02,158.0925,-0.7858,22.47,5.063180304760023,0.009138838009864259
2018-03-05,159.8449,-2.6404,21.55,5.074203970086024,0.011023665326001186
2018-03-06,160.5212,-0.7204,18.25,5.078426021074735,0.004222050988711423
2018-03-07,160.8926,0.7434,20.11,5.080737061641762,0.002311040567026801
2018-03-08,161.7783,-0.5987,17.56,5.08622687943718,0.005489817795417906
2018-03-09,164.9213,-0.5667,16.41,5.105468390417382,0.019241510980202214
2018-03-12,165.7976,-0.6896,15.28,5.110767767325015,0.005299376907633047
2018-03-13,163.5403,0.5577,15.7,5.097059443145747,-0.013708324179267706
2018-03-14,163.5117,-1.9602,16.59,5.096884547410067,-0.00017489573568063577
2018-03-15,163.3689,-0.7731,16.99,5.096010833833402,-0.0008737135766647697
2018-03-16,162.8831,-1.7168,16.6,5.093032765597547,-0.0029780682358548916
2018-03-19,159.4078,-1.2585,16.63,5.071465698659537,-0.021567066938009916
2018-03-20,159.9325,-2.5679,18.38,5.074751851219533,0.0032861525599958696
2018-03-21,159.2361,-0.6936,17.76,5.070388006498363,-0.004363844721170018
2018-03-22,155.3058,-1.1314,18.13,5.045396076527443,-0.024991929970919813
2018-03-23,151.2132,-2.0477,24.02,5.018690761522173,-0.026705315005270513
2018-03-26,156.8321,-0.7621,23.41,5.055175806351908,0.03648504482973536
2018-03-27,151.757,0.5915,20.33,5.022280557376545,-0.03289524897536289
2018-03-28,150.0112,0.0627,22.52,5.0107099579755054,-0.011570599401039772
2018-03-29,152.7587,-1.3055,22.87,5.028859552239932,0.018149594264426305
2018-04-02,148.3513,0.0279,21.07,4.999583109758766,-0.029276442481165788
2018-04-03,150.0208,-1.1107,23.03,5.010773951149589,0.011190841390822825
2018-04-04,152.3866,-0.7256,21.68,5.026420712877598,0.01564676172800894
2018-04-05,153.2547,-0.1895,19.76,5.032101243187803,0.005680530310205434
2018-04-06,149.4198,-1.1304,20.33,5.006759794037858,-0.02534144914994485
2018-04-09,150.4691,-1.8361,21.27,5.013757747494176,0.006997953456317596
2018-04-10,153.7889,-1.3279,20.51,5.035580882815549,0.021823135321373144
2018-04-11,152.9017,-2.3211,20.95,5.029795231251232,-0.005785651564316652
2018-04-12,154.743,-1.7423,19.83,5.041765676292818,0.01197044504158562
2018-04-13,153.9416,-0.8546,18.27,5.036573309712025,-0.005192366580793362
2018-04-16,155.115,-1.6391,17.59,5.0441667773050485,0.007593467593023817
2018-04-17,158.4539,-0.3621,16.16,5.0654636992767506,0.021296921971702076
2018-04-18,158.7782,-2.1454,15.3,5.067508259792351,0.0020445605156007574
2018-04-19,157.3186,-1.4919,15.55,5.05827304846477,-0.009235211327581538
2018-04-20,154.8288,-2.4311,16.16,5.042319990362748,-0.015953058102021522
2018-04-23,154.4377,-1.2659,17.29,5.039790778770248,-0.002529211592499969
2018-04-24,151.1656,-2.5937,16.16,5.018375924632859,-0.021414854137389305
2018-04-25,151.3468,-1.1753,18.14,5.019573892198291,0.001197967565431668
2018-04-26,154.5331,-2.6136,18.07,5.040408312874,0.020834420675709175
2018-04-27,154.6284,0.1621,16.22,5.0410248191532006,0.0006165062792007348
2018-04-30,153.5314,-0.765,15.31,5.033905106368241,-0.0071197127849593755
2018-05-01,155.2867,-0.9698,16.0,5.045273085791839,0.011367979423598129
2018-05-02,154.3709,1.3627,15.48,5.0393581483251,-0.005914937466739545
2018-05-03,154.3518,-3.2936,15.78,5.03923441268775,-0.0001237356373495757
2018-05-04,157.2805,-0.9625,15.94,5.058030835437547,0.01879642274979698
2018-05-07,158.5874,2.4,15.05,5.066305860899796,0.008275025462248564
2018-05-08,158.4253,-2.0285,14.53,5.065283188848311,-0.001022672051484541
2018-05-09,160.1519,-0.6401,14.54,5.076122739862407,0.010839551014095505
2018-05-10,161.8118,1.1324,13.36,5.086433931507806,0.010311191645399731
2018-05-11,161.6592,-1.4936,13.22,5.085490415635777,-0.0009435158720290104
2018-05-14,161.9358,-2.3958,13.09,5.087199960389958,0.001709544754180392
2018-05-15,160.1424,-2.364,13.13,5.07606341941866,-0.01113654097129757
2018-05-16,161.2013,-0.3916,14.38,5.082653894556139,0.006590475137478791
2018-05-17,160.5812,0.0251,13.54,5.078799733639315,-0.003854160916824334
2018-05-18,159.7513,-1.2532,13.18,5.073618230939713,-0.005181502699601381
2018-05-21,160.648,-1.8018,12.99,5.079215636060159,0.005597405120445487
2018-05-22,160.4381,-1.1764,13.03,5.077908198398421,-0.001307437661737687
2018-05-23,161.7928,0.9588,13.5,5.086316504252311,0.008408305853889964
2018-05-24,161.7451,-1.1679,12.73,5.086021639259087,-0.0002948649932239533
2018-05-25,161.9072,-0.1732,12.44,5.087023331590976,0.0010016923318891813
2018-05-29,161.1918,0.6669,14.39,5.08259496029233,-0.004428371298645928
2018-05-30,162.3461,-0.1662,16.6,5.089730476086003,0.007135515793672553
2018-05-31,162.2411,-0.8065,14.93,5.089083500458729,-0.0006469756272737825
2018-06-01,164.7882,-0.1324,14.92,5.104661012970082,0.015577512511352865
2018-06-04,166.2764,-2.0237,13.91,5.113651463921537,0.008990450951454676
2018-06-05,166.7915,-0.3454,12.91,5.116744529393567,0.003093065472030254
2018-06-06,167.7646,-0.9189,12.1,5.122561806341727,0.005817276948159922
2018-06-07,166.4004,-3.0893,11.66,5.114396932230373,-0.008164874111353804
2018-06-08,166.4099,-0.5724,12.54,5.114454021809647,5.7089579273750246e-05
2018-06-11,166.8583,2.1553,12.52,5.11714494924032,0.002690927430673007
2018-06-12,167.736,-1.3089,12.29,5.122391314842938,0.005246365602618042
2018-06-13,167.7264,0.2198,12.13,5.122334080410687,-5.7234432250474754e-05
2018-06-14,169.4245,-0.9833,12.98,5.132407399859492,0.010073319448804519
2018-06-15,168.833,-1.0159,12.19,5.128910060685017,-0.0034973391744745896
2018-06-18,168.7355,-1.2659,12.79,5.12833240013487,-0.0005776605501477405
2018-06-19,168.2575,-1.4498,14.61,5.125495544054365,-0.002836856080504546
2018-06-20,169.4525,-2.1686,12.9,5.1325726515588626,0.007077107504497526
2018-06-21,167.9803,-0.7618,12.54,5.123846710622782,-0.008725940936080256
2018-06-22,167.6075,-2.7495,14.6,5.121624936450099,-0.0022217741726828777
2018-06-25,163.8311,-0.2211,15.07,5.098836019086626,-0.022788917363473438
2018-06-26,164.5004,-0.6994,16.71,5.102913001813413,0.004076982726786582
2018-06-27,162.2633,-0.5764,16.52,5.08922032448968,-0.013692677323732916
2018-06-28,163.6591,-1.2072,17.54,5.097785605878444,0.008565281388764667
2018-06-29,164.0988,-4.4375,15.73,5.1004686854550485,0.002683079576604186
2018-07-02,165.1983,-0.2164,17.7,5.1071465704770285,0.006677885021979968
2018-07-03,163.2862,-1.669,15.37,5.095504489363245,-0.011642081113783398
2018-07-05,165.313,-1.0839,15.62,5.107840646622714,0.012336157259468905
2018-07-06,167.8847,-1.9243,14.99,5.123277434261257,0.015436787638543059
2018-07-09,169.3951,-0.9753,13.02,5.132233856179766,0.00895642191850854
2018-07-10,169.5194,-2.9902,12.52,5.1329673745484,0.0007335183686345559
2018-07-11,168.659,-0.3257,14.05,5.127878925040812,-0.005088449507588244
2018-07-12,171.5652,-2.181,13.07,5.144963369284931,0.017084444244119368
2018-07-13,171.7087,-0.1846,12.39,5.14579943639262,0.0008360671076887982
2018-07-16,171.2976,-1.8852,12.77,5.1434023947240455,-0.0023970416685745732
2018-07-17,172.3396,-1.7668,12.91,5.149466948815542,0.006064554091496532
2018-07-18,172.0146,-2.4864,11.87,5.147579356931964,-0.0018875918835776773
2018-07-19,171.1542,-1.3746,12.2,5.142564904552397,-0.005014452379567658
2018-07-20,171.116,-2.5316,13.0,5.142341689091872,-0.00022321546052506136
2018-07-23,171.6609,-0.7125,13.47,5.145521019198385,0.0031793301065130564
2018-07-24,172.3683,0.0743,12.61,5.149633466612589,0.004112447414204468
2018-07-25,174.7775,-2.0847,12.37,5.163513736401025,0.013880269788435484
2018-07-26,172.1293,-0.9766,12.45,5.1482459385813675,-0.015267797819657147
2018-07-27,169.8062,-0.79,12.17,5.134657786755991,-0.013588151825376649
2018-07-30,167.4066,0.8704,13.63,5.120425583801468,-0.01423220295452321
2018-07-31,168.6877,1.5459,13.98,5.128049076401826,0.007623492600358439
2018-08-01,169.3282,-2.3125,13.09,5.131838843490234,0.003789767088408169
2018-08-02,171.6322,-1.8763,13.57,5.145353815138257,0.013514971648023177
2018-08-03,172.158,-0.7488,12.43,5.148412659805569,0.0030588446673114333
2018-08-06,173.1714,-0.9922,11.91,5.154281855472582,0.005869195667012939
2018-08-07,173.8024,-1.2204,11.12,5.157919021711783,0.003637166239201406
2018-08-08,174.0126,0.7426,10.93,5.159127710385881,0.0012086886740974023
2018-08-09,173.9075,-0.32,10.94,5.158523548664859,-0.0006041617210215122
2018-08-10,172.5787,0.6462,12.34,5.15085336431335,-0.007670184351509235
2018-08-13,172.3875,-2.1383,14.5,5.149744849800456,-0.0011085145128939544
2018-08-14,173.4677,-1.0819,13.93,5.155991414908685,0.006246565108229518
2018-08-15,171.3454,-1.5719,13.52,5.143681402322684,-0.01231001258600184
2018-08-16,171.9095,-1.6808,14.18,5.14696817555054,0.003286773227856088
2018-08-17,171.9477,-2.9637,13.18,5.147190360807426,0.00022218525688622037
2018-08-20,171.7947,1.829,12.57,5.146300159248911,-0.0008902015585148249
2018-08-21,172.4257,-1.816,12.47,5.1499664190452314,0.0036662597963204036
2018-08-22,173.0949,-0.0487,13.09,5.153839999009827,0.003873579964595919
2018-08-23,172.8463,-2.3901,12.03,5.152402760295309,-0.0014372387145185073
2018-08-24,174.4524,-0.1055,12.13,5.161651925061795,0.009249164766486295
2018-08-27,176.2306,-3.0904,12.37,5.171793364712144,0.010141439650348971
2018-08-28,176.4887,1.1166,12.01,5.173256851660923,0.0014634869487792912
2018-08-29,178.525,0.4976,12.34,5.184728647435174,0.011471795774250282
2018-08-30,178.2096,-1.7694,12.25,5.182960385639534,-0.001768261795639603
2018-08-31,178.439,-1.9827,13.54,5.184246806119725,0.0012864204801905643
2018-09-04,177.6742,-1.2251,13.13,5.179951536099755,-0.004295270019969877
2018-09-05,175.3797,-1.3806,13.69,5.166953337778415,-0.012998198321339416
2018-09-06,173.8119,-0.5201,14.21,5.157973679992541,-0.008979657785874728
2018-09-07,173.1427,2.292,14.72,5.154116109982775,-0.0038575700097656096
2018-09-10,173.7258,-1.1085,15.09,5.157478194168922,0.0033620841861470296
2018-09-11,175.0643,-0.8457,13.96,5.165153335009595,0.0076751408406732224
2018-09-12,174.548,2.3375,13.07,5.162199775450454,-0.0029535595591410058
2018-09-13,176.4122,-1.1054,12.91,5.172823302178912,0.01062352672845801
2018-09-14,175.896,-2.2687,12.13,5.169892911291659,-0.0029303908872533313
2018-09-17,173.3626,-1.2467,12.72,5.155385354808302,-0.01450755648335722
2018-09-18,174.7966,-3.2041,13.48,5.1636230122313505,0.008237657423048717
2018-09-19,174.6627,-0.8013,12.61,5.162856685471394,-0.0007663267599564705
2018-09-20,176.5939,-2.8134,11.82,5.173852746236941,0.010996060765546822
2018-09-21,175.6283,-0.6931,11.76,5.168369829947067,-0.0054829162898739625
2018-09-24,176.1168,-0.0953,12.46,5.171147411292553,0.002777581345486446
2018-09-25,176.3562,-0.4757,12.28,5.1725058134215836,0.0013584021290302672
2018-09-26,176.4807,-1.4423,12.21,5.173211521952449,0.0007057085308650457
2018-09-27,177.9748,-0.6136,12.77,5.1816419672359695,0.008430445283520882
2018-09-28,177.9364,-1.449,12.59,5.18142618307324,-0.00021578416272927115
2018-10-01,178.3004,-0.0232,11.99,5.183469768276561,0.00204358520332093
2018-10-02,177.8982,-1.6285,12.47,5.181211476576757,-0.0022582916998041824
2018-10-03,178.0897,0.1996,11.66,5.182287355944972,0.0010758793682148493
2018-10-04,174.6706,-3.4491,12.84,5.162901914483351,-0.0193854414616208
2018-10-05,172.5348,-2.4109,14.29,5.150598955255247,-0.012302959228104093
2018-10-08,171.4813,-1.7016,16.05,5.1444742227600555,-0.0061247324951914095
2018-10-09,172.0368,-0.2668,16.12,5.147708407417042,0.0032341846569865496
2018-10-10,164.4708,-2.0156,16.03,5.102733046850304,-0.04497536056673823
2018-10-11,162.4309,0.2841,23.07,5.090252680564319,-0.012480366285984701
2018-10-12,166.9513,0.6749,21.63,5.117702153121851,0.027449472557531607
2018-10-15,164.9305,-1.3963,21.97,5.105524173044625,-0.012177980077225925
2018-10-16,169.7287,-1.2478,20.28,5.134201279920635,0.028677106876010328
2018-10-17,169.7957,1.3732,17.06,5.134595949646108,0.0003946697254733067
2018-10-18,165.8595,0.7833,18.02,5.111141044427895,-0.023454905218213362
2018-10-19,165.7063,-0.8225,19.24,5.110216944228766,-0.0009241001991293629
2018-10-22,166.5586,0.3652,19.38,5.11534719945189,0.005130255223124713
2018-10-23,165.9457,-2.5364,22.18,5.111660626411175,-0.003686573040715402
2018-10-24,158.3509,-0.746,21.6,5.064813456580748,-0.046847169830426694
2018-10-25,163.8291,-1.7667,24.78,5.0988238113177236,0.034010354736975223
2018-10-26,159.6151,-0.5032,24.51,5.072765292069142,-0.026058519248581824
2018-10-29,156.33,-0.3309,24.48,5.051969157589233,-0.0207961344799088
2018-10-30,158.9064,-4.5824,23.94,5.068315349635291,0.016346192046057695
2018-10-31,162.6415,-3.5957,22.72,5.091548392100975,0.023233042465684584
2018-11-01,164.7868,-3.0477,20.96,5.10465251718005,0.013104125079074436
2018-11-02,162.2201,0.1233,18.52,5.088954055088809,-0.015698462091240373
2018-11-05,161.8179,-0.119,20.58,5.08647162891321,-0.0024824261755993504
2018-11-06,163.0437,-0.1628,19.84,5.094018263034382,0.007546634121172069
2018-11-07,168.1581,0.6086,18.03,5.124904608301726,0.03088634526734424
2018-11-08,167.0854,-0.3578,16.18,5.118505058953479,-0.006399549348246936
2018-11-09,164.2697,-1.9303,16.87,5.101509589289798,-0.01699546966368093
2018-11-12,159.2991,-1.592,17.26,5.070783567182529,-0.03072602210726938
2018-11-13,159.4332,-0.5069,19.45,5.07162502572258,0.000841458540050688
2018-11-14,158.2168,-1.5957,20.52,5.063966244385562,-0.007658781337017473
2018-11-15,160.9846,-0.938,20.41,5.081308708235589,0.017342463850027023
2018-11-16,160.4196,-0.3687,20.04,5.077792882480988,-0.0035158257546008542
2018-11-19,155.2095,-1.863,18.78,5.044775817215987,-0.03301706526500148
2018-11-20,152.4321,-0.9503,20.76,5.0267192509944385,-0.018056566221548387
2018-11-21,153.591,-0.4728,21.66,5.034293225246891,0.007573974252452764
2018-11-23,152.48,-1.2229,21.23,5.027033439905892,-0.0072597853409996915
2018-11-26,156.0045,0.4408,20.78,5.049884852987341,0.022851413081449223
2018-11-27,156.5312,-0.9124,19.41,5.053255351132805,0.0033704981454638627
2018-11-28,161.5688,-1.002,18.87,5.084931058139786,0.031675707006981746
2018-11-29,161.0421,0.3583,18.65,5.081665821484963,-0.003265236654823589
2018-11-30,162.2105,2.0328,19.18,5.088894874481291,0.007229052996327923
2018-12-03,165.0454,-2.8243,16.04,5.1062205875684965,0.017325713087205763
2018-12-04,158.7148,-2.3691,16.84,5.067108880903099,-0.03911170666539743
2018-12-06,159.8354,0.8508,23.53,5.074144535707347,0.007035654804248281
2018-12-07,154.5583,-2.557,22.42,5.040571371438915,-0.033573164268432265
2018-12-10,156.1768,-1.8653,23.95,5.050988698845471,0.010417327406555543
2018-12-11,156.694,-1.6334,22.96,5.054294858903314,0.0033061600578436767
2018-12-12,158.0731,-0.887,21.91,5.063057584261497,0.008762725358182344
2018-12-13,158.1211,-2.1666,21.0,5.063361195146002,0.00030361088450536755
2018-12-14,154.271,-2.3174,21.57,5.038710796144539,-0.024650399001463263
2018-12-17,150.7753,-2.4638,22.36,5.015790649054852,-0.02292014708968715
2018-12-18,151.7234,-0.7039,24.68,5.022059126271687,0.006268477216835322
2018-12-19,147.9978,-1.3941,25.15,4.997197408788767,-0.024861717482919765
2018-12-20,145.8525,-2.6909,26.09,4.98259583706501,-0.01460157172375709
2018-12-21,141.332,-0.2229,28.24,4.9511117325570835,-0.0314841045079266
2018-12-24,137.8273,-1.1888,29.29,4.926001452165275,-0.025110280391808182
2018-12-26,146.4331,-2.0022,35.5,4.986568668868239,0.06056721670296383
2018-12-27,146.9998,-1.6934,31.2,4.990431226233593,0.0038625573653536804
2018-12-28,146.9229,-1.514,29.97,4.9899079593899325,-0.0005232668436603305
2018-12-31,148.162,-2.3816,27.59,4.998306269726846,0.008398310336913184
2019-01-02,148.7575,-0.1406,27.54,5.002317463322752,0.004011193595906626
2019-01-03,143.8975,-1.8506,25.68,4.96910124056659,-0.03321622275616232
2019-01-04,150.0541,-1.6161,24.36,5.0109958957383345,0.04189465517174451
2019-01-07,151.8405,0.4771,22.06,5.022830627796132,0.011834732057797837
2019-01-08,153.214,-2.5774,20.96,5.0318356369432555,0.00900500914712321
2019-01-09,154.4626,0.428,20.44,5.039951995836428,0.008116358893172304
2019-01-10,154.9044,-0.3118,20.98,5.04280815244225,0.0028561566058220578
2019-01-11,154.3378,-2.2045,19.68,5.039143706683987,-0.0036644457582628576
2019-01-14,152.9739,-1.8823,19.84,5.030267318605313,-0.008876388078673969
2019-01-15,155.9609,0.0569,18.53,5.049605334808184,0.019338016202871344
2019-01-16,155.9321,-2.02,18.08,5.049420656087714,-0.00018467872047001066
2019-01-17,157.1616,1.6339,19.51,5.057274575345995,0.00785391925828094
2019-01-18,158.7175,-0.9474,17.8,5.06712589240445,0.009851317058454434
2019-01-22,155.5384,2.2358,18.53,5.046892646470928,-0.020233245933521715
2019-01-23,155.7401,-1.7027,20.85,5.0481885922444345,0.0012959457735064461
2019-01-24,156.7485,-1.7712,19.69,5.054642610089253,0.0064540178448186936
2019-01-25,158.6214,0.7525,18.43,5.066520230741554,0.011877620652301246
2019-01-28,156.6621,-1.3963,18.56,5.054091256674986,-0.012428974066568621
2019-01-29,155.183,-2.1664,19.45,5.044605065667129,-0.009486191007856526
2019-01-30,159.1305,-2.0903,19.15,5.069724620302244,0.025119554635114838
2019-01-31,161.5125,-0.2705,17.39,5.084582539048339,0.014857918746094434
2019-02-01,160.8305,-0.2624,16.63,5.080351015375446,-0.004231523672892479
2019-02-04,162.8283,-0.2185,16.72,5.092696271385081,0.012345256009634653
2019-02-05,164.269,-0.0201,15.79,5.101505327995771,0.008809056610690646
2019-02-06,163.7791,-0.5932,15.44,5.098518568650487,-0.002986759345284362
2019-02-07,161.5797,0.2625,15.66,5.08499851938441,-0.013520049266077194
2019-02-08,161.8966,1.7368,16.81,5.086957859845408,0.0019593404609983267
2019-02-11,161.743,-2.718,16.17,5.086008655783034,-0.0009492040623744202
2019-02-12,164.1345,-1.0022,15.23,5.100686213659169,0.014677557876135339
2019-02-13,164.2498,-1.1151,15.46,5.101388439707966,0.0007022260487969945
2019-02-14,164.4515,-1.3509,15.61,5.1026156939069365,0.0012272541989704067
2019-02-15,165.1431,-2.0547,16.82,5.106812370764163,0.004196676857226578
2019-02-19,165.4696,-0.9084,15.65,5.10878749214421,0.0019751213800471845
2019-02-20,165.4408,0.1147,14.92,5.108613426898315,-0.00017406524589524963
2019-02-21,164.8357,-2.7164,14.0,5.104949220228893,-0.003664206669421688
2019-02-22,166.0555,-0.8796,14.46,5.1123220698276635,0.007372849598770159
2019-02-25,166.6606,-1.8103,13.91,5.115959409091586,0.003637339263922179
2019-02-26,166.8335,-0.5178,15.16,5.116996309087665,0.0010368999960794767
2019-02-27,166.7278,1.4506,15.53,5.116362542499408,-0.0006337665882574228
2019-02-28,166.3436,0.8539,15.17,5.11405552862549,-0.0023070138739180734
2019-03-01,167.4962,-2.0218,14.57,5.120960664440613,0.006905135815123309
2019-03-04,167.525,0.4631,13.77,5.121132593859234,0.00017192941862109734
2019-03-05,167.6498,0.7591,14.52,5.121877279949999,0.0007446860907647235
2019-03-06,166.699,-0.003,14.91,5.116189790938516,-0.00568748901148286
2019-03-07,164.6532,0.5142,16.33,5.103841443799015,-0.012348347139500504
2019-03-08,164.4035,-1.6471,17.38,5.1023237719331735,-0.0015176718658418409
2019-03-11,167.8227,0.877,16.28,5.1229080649789305,0.02058429304575693
2019-03-12,168.7448,-3.3413,13.97,5.128387514463038,0.0054794494841079455
2019-03-13,170.0126,-1.3763,14.0,5.135872551950744,0.007485037487705348
2019-03-14,169.7245,0.9012,13.35,5.134176534241407,-0.0016960177093370277
2019-03-15,171.2996,1.0739,13.21,5.143414070242701,0.009237536001294622
2019-03-18,171.7076,1.8728,13.13,5.145793030173696,0.002378959930994462
2019-03-19,172.2849,0.1584,12.89,5.149149501852489,0.0033564716787930493
2019-03-20,172.9681,-0.8889,13.54,5.153107184431704,0.003957682579215138
2019-03-21,175.672,-0.6933,14.11,5.1686186199436905,0.015511435511986527
2019-03-22,171.8134,-1.9516,13.77,5.146409004180206,-0.02220961576348479
2019-03-25,171.4863,3.8185,17.76,5.144503380033223,-0.0019056241469828095
2019-03-26,172.2849,-0.999,16.22,5.149149501852489,0.004646121819265936
2019-03-27,171.1784,-1.1673,14.52,5.142706287523462,-0.006443214329026503
2019-03-28,171.5729,-2.8999,15.38,5.145008249174406,0.0023019616509438734
2019-03-29,172.8719,-0.7405,14.19,5.152550857792327,0.007542608617920443
2019-04-01,175.162,-1.0376,13.9,5.165711260000005,0.01316040220767789
2019-04-02,175.8259,-0.4876,13.62,5.169494300906988,0.003783040906983004
2019-04-03,176.8363,-2.0171,13.06,5.175224445871026,0.005730144964038786
2019-04-04,176.7689,-0.7087,13.84,5.174843229753073,-0.0003812161179537199
2019-04-05,177.683,-4.0769,13.46,5.180001063729992,0.005157833976919157
2019-04-08,178.1352,-0.8219,13.55,5.182542812541338,0.0025417488113461673
2019-04-09,177.5098,-2.4023,13.46,5.179025818658991,-0.0035169938823473856
2019-04-10,178.4624,-1.8396,14.09,5.184377934773373,0.005352116114382355
2019-04-11,178.039,-1.2962,13.37,5.1820026274165345,-0.002375307356838441
2019-04-12,178.8088,0.7823,12.96,5.186317078530534,0.004314451113999418
2019-04-15,178.8376,2.83,12.46,5.186478131459138,0.00016105292860402187
2019-04-16,179.4535,-1.1791,12.26,5.189916121443537,0.003437989984399259
2019-04-17,180.0789,1.0683,12.12,5.193395088183552,0.0034789667400145774
2019-04-18,180.3099,-0.3859,12.8,5.194677037187713,0.0012819490041611203
2019-04-22,180.8198,-1.5828,13.21,5.197500955236271,0.002823918048558305
2019-04-23,183.1195,-0.8512,12.66,5.2101389451906055,0.012637989954334294
2019-04-24,182.5422,-2.0344,12.53,5.206981379169058,-0.0031575660215477086
2019-04-25,183.2831,-0.0246,13.29,5.211031952013548,0.0040505728444903966
2019-04-26,183.4466,2.1799,13.44,5.211923616969143,0.0008916649555947842
2019-04-29,183.8027,-1.6668,13.04,5.213862899693996,0.0019392827248534417
2019-04-30,182.3786,-3.9511,13.11,5.206084746195763,-0.007778153498233742
2019-05-01,181.7917,-0.3751,12.86,5.20286152613572,-0.0032232200600423866
2019-05-02,181.0027,-0.9261,14.35,5.198511948281638,-0.004349577854082298
2019-05-03,183.8893,0.4632,14.11,5.214333946121991,0.01582199784035332
2019-05-06,182.7635,-0.1967,12.89,5.208192967310558,-0.006140978811433051
2019-05-07,179.2033,-1.1402,15.9,5.188520915549844,-0.01967205176071385
2019-05-08,178.7511,-1.2625,18.95,5.185994335401336,-0.0025265801485083728
2019-05-09,177.7888,-2.0496,21.4,5.180596328969733,-0.005398006431603264
2019-05-10,178.0101,-0.6689,18.79,5.181840290255376,0.0012439612856436355
2019-05-13,171.8327,-2.1796,18.62,5.146521329040114,-0.035318961215262235
2019-05-14,173.7187,0.1281,19.4,5.157437324332151,0.010915995292037017
2019-05-15,176.1723,-3.2841,17.57,5.171462493425149,0.014025169092997558
2019-05-16,177.9428,-1.1927,16.69,5.181462150334045,0.009999656908895815
2019-05-17,176.1241,0.8444,15.89,5.171188860198691,-0.010273290135353719
2019-05-20,173.1509,-2.5804,15.88,5.154163468640293,-0.01702539155839755
2019-05-21,174.9599,-1.1498,15.86,5.164556804809136,0.010393336168842637
2019-05-22,174.1805,2.1396,15.06,5.160092117854112,-0.004464686955024
2019-05-23,171.5152,-0.2243,15.93,5.144671892416221,-0.015420225437891233
2019-05-24,171.4286,-2.0514,16.34,5.144166853387431,-0.0005050390287895112
2019-05-28,170.7839,-0.2118,16.55,5.140399014616418,-0.0037678387710133876
2019-05-29,169.3791,-0.416,18.55,5.132139397983056,-0.008259616633361944
2019-05-30,170.0911,-1.9017,17.47,5.136334175869531,0.004194777886475265
2019-05-31,167.3776,-0.5932,19.05,5.120252337871268,-0.01608183799826346
2019-06-03,163.6924,-0.5301,19.41,5.097989056909614,-0.022263280961653642
2019-06-04,168.3014,-2.2503,18.74,5.1257564196410685,0.027767362731454526
2019-06-05,169.5522,-0.7949,17.06,5.13316084401091,0.007404424369841678
2019-06-06,170.8994,-1.8036,16.25,5.141075079290339,0.007914235279428361
2019-06-07,174.1997,-1.6666,15.65,5.160202342258481,0.01912726296814249
2019-06-10,176.2301,0.0,16.3,5.171790527516394,0.01158818525791272
2019-06-11,176.4706,-1.8511,15.84,5.173154290260695,0.0013637627443010558
2019-06-12,175.4506,-1.6513,16.26,5.167357521801091,-0.005796768459603641
2019-06-13,176.4898,0.9662,16.16,5.173263084335152,0.005905562534060493
2019-06-14,175.7393,0.8477,16.0,5.169001646902828,-0.004261437432323767
2019-06-17,176.7978,-0.7867,15.65,5.175006706687209,0.006005059784381039
2019-06-18,179.3669,-0.5297,14.89,5.189433428699862,0.014426722012652604
2019-06-19,180.0404,-2.4232,15.05,5.1931812701507685,0.003747841450906897
2019-06-20,181.7147,-0.711,14.04,5.202437874716369,0.009256604565600846
2019-06-21,181.4453,-1.5873,14.74,5.2009542308711385,-0.0014836438452308087
2019-06-24,181.451,0.3128,15.46,5.200985644803992,3.141393285321925e-05
2019-06-25,178.3362,-1.7151,15.43,5.1836705328650545,-0.0173151119389372
2019-06-26,179.1655,-2.3644,16.1,5.1883099596846005,0.004639426819545989
2019-06-27,179.8502,-0.2917,15.66,5.192124282178824,0.003814322494223532
2019-06-28,180.0817,-0.8379,15.7,5.193410636802696,0.0012863546238719437
2019-07-01,182.5118,-1.7274,13.85,5.206814828466585,0.013404191663888732
2019-07-02,183.2351,0.3864,14.16,5.210770027774728,0.003955199308143698
2019-07-03,184.6141,0.2559,13.18,5.218267700516957,0.0074976727422289
2019-07-05,184.238,-1.0463,13.0,5.216228400047517,-0.0020393004694403416
2019-07-08,182.9458,-3.3253,13.73,5.209189934109596,-0.00703846593792079
2019-07-09,183.8619,-1.0688,14.47,5.214184932331958,0.004994998222361602
2019-07-10,185.6941,-0.7297,14.38,5.224100696179185,0.009915763847227588
2019-07-11,185.5591,-0.7778,13.01,5.223373429688552,-0.0007272664906334825
2019-07-12,186.6295,-1.641,12.76,5.2291253680937695,0.005751938405217594
2019-07-15,187.2275,-0.7918,12.58,5.232324454963893,0.003199086870123935
2019-07-16,186.2631,-1.1764,12.61,5.227160190356709,-0.005164264607184776
2019-07-17,185.347,-2.0983,12.62,5.222229743870932,-0.00493044648577623
2019-07-18,185.5591,-0.1999,14.45,5.223373429688552,0.0011436858176194775
2019-07-19,184.1994,0.9559,13.31,5.216018866486911,-0.007354563201641184
2019-07-22,185.6652,-1.3981,14.55,5.223945051766573,0.007926185279662157
2019-07-23,186.8803,-1.7198,13.42,5.230468304946793,0.006523253180220401
2019-07-24,188.1918,-0.2992,12.8,5.23746165553255,0.006993350585756453
2019-07-25,186.4078,0.3137,12.24,5.227936746869555,-0.009524908662994491
2019-07-26,188.3268,-1.2475,12.58,5.238178751611123,0.01024200474156789
2019-07-29,187.6807,-0.8296,12.15,5.234742114650981,-0.003436636960142181
2019-07-30,186.8707,-1.2835,12.87,5.230416933846771,-0.004325180804209516
2019-07-31,184.2862,-2.1264,13.83,5.216489983955846,-0.013926949890925577
2019-08-01,183.3701,1.0593,15.41,5.211506514906401,-0.0049834690494448
2019-08-02,180.67,-2.3486,17.69,5.196672162785836,-0.014834352120565164
2019-08-05,174.2859,0.5169,19.96,5.160697054245191,-0.03597510854064456
2019-08-06,176.7257,-2.3661,22.29,5.174598813005461,0.013901758760269445
2019-08-07,177.6805,-0.7331,20.7,5.179986993629939,0.0053881806244779895
2019-08-08,181.5475,-0.4358,19.36,5.201517327454324,0.021530333824385295
2019-08-09,179.8406,-2.2463,18.14,5.192070902998693,-0.009446424455631153
2019-08-12,177.7769,-0.0294,17.87,5.180529393379464,-0.01154150961922884
2019-08-13,181.6728,0.3636,21.28,5.202207266893119,0.02167787351365469
2019-08-14,176.2436,-1.934,17.81,5.171867128976341,-0.030340137916777365
2019-08-15,176.0411,-0.7413,21.58,5.170717490503237,-0.0011496384731044529
2019-08-16,178.8666,-2.3037,20.48,5.186640276606237,0.01592278610300024
2019-08-19,181.7114,-2.8832,17.93,5.202419714215513,0.015779437609276137
2019-08-20,180.3035,0.6464,16.78,5.194641542111819,-0.0077781721036940255
2019-08-21,181.9043,-2.0165,17.01,5.203480724606958,0.008839182495139042
2019-08-22,181.316,-2.222,16.12,5.200241365383692,-0.003239359223266014
2019-08-23,175.5782,-1.3188,16.15,5.168084527708413,-0.03215683767527899
2019-08-26,178.2301,-0.0263,20.34,5.183075412108374,0.014990884399960436
2019-08-27,177.854,-1.158,20.18,5.180962989004636,-0.002112423103738159
2019-08-28,178.4905,-1.9342,20.55,5.184535378514875,0.0035723895102393044
2019-08-29,181.2196,-1.4023,19.02,5.199709555529587,0.015174177014712242
2019-08-30,180.7856,0.8468,17.94,5.197311798768465,-0.002397756761122416
2019-09-03,179.0305,-1.5983,20.96,5.1875561823873,-0.009755616381164955
2019-09-04,181.6149,-0.4913,18.23,5.201888511259552,0.014332328872252553
2019-09-05,184.942,-0.7257,16.92,5.220042262409176,0.018153751149623254
2019-09-06,184.7587,1.2292,15.92,5.2190506493826385,-0.0009916130265370526
2019-09-09,184.373,-1.2245,15.26,5.2169608795776234,-0.0020897698050150737
2019-09-10,183.8426,0.9254,15.53,5.214079956733249,-0.0028809228443744672
2019-09-11,185.5688,2.0449,15.33,5.223425702772856,0.009345746039606695
2019-09-12,186.3403,-3.6544,14.69,5.227574571981271,0.0041488692084152845
2019-09-13,185.6748,2.0867,14.16,5.223996756403844,-0.0035778155774268683
2019-09-16,184.8455,-1.8676,14.89,5.219520341023566,-0.004476415380278098
2019-09-17,185.7327,1.1433,14.92,5.224308543325051,0.004788202301485356
2019-09-18,185.6556,0.2928,14.61,5.223893344455794,-0.0004151988692573383
2019-09-19,185.9642,-1.3035,14.66,5.225554182069594,0.0016608376137998704
2019-09-20,183.9969,-0.6243,13.94,5.214918909640972,-0.010635272428621612
2019-09-23,184.078,-0.3871,15.35,5.215359580826714,0.0004406711857418699
2019-09-24,181.6334,-1.6807,14.77,5.2019903699607,-0.013369210866014392
2019-09-25,183.6722,-2.2921,17.05,5.213152647072737,0.011162277112036989
2019-09-26,182.9958,-1.1172,16.23,5.209463201758375,-0.0036894453143618833
2019-09-27,180.725,0.2247,15.77,5.196976538886361,-0.012486662872014165
2019-09-30,182.445,-0.3435,17.23,5.206448757738509,0.00947221885214855
2019-10-01,180.957,-0.2483,16.02,5.198259433981053,-0.00818932375745618
2019-10-02,177.8455,1.9465,18.75,5.180915195853385,-0.017344238127668277
2019-10-03,179.7974,0.2425,20.11,5.191830661421286,0.01091546556790135
2019-10-04,182.445,-2.3254,19.42,5.206448757738509,0.014618096317223106
2019-10-07,181.8943,-1.8423,18.27,5.203425749134252,-0.0030230086042575266
2019-10-08,179.1693,-0.0748,17.61,5.188331168900117,-0.015094580234134902
2019-10-09,180.9183,-1.4869,19.94,5.198045548147189,0.009714379247072635
2019-10-10,182.3194,-1.4448,19.28,5.205760094014945,0.00771454586775544
2019-10-11,184.6675,-2.5996,17.35,5.218556910704371,0.012796816689426116
2019-10-14,184.6481,-1.2437,15.66,5.218451851508291,-0.00010505919607961545
2019-10-15,186.9962,-1.1594,13.94,5.2310882957925005,0.01263644428420907
2019-10-16,186.5324,-0.57,13.94,5.228604950536717,-0.002483345255783753
2019-10-17,187.0253,-0.0598,13.79,5.23124390182081,0.002638951284093416
2019-10-18,185.228,-0.0115,14.2,5.221587498689307,-0.009656403131502955
2019-10-21,186.8706,-2.2927,14.24,5.230416398717257,0.008828900027950226
2019-10-22,185.3826,-1.7951,13.99,5.222421797594776,-0.007994601122481626
2019-10-23,185.7401,-1.0834,14.83,5.22434838473471,0.0019265871399340995
2019-10-24,187.547,-1.4506,13.98,5.234029480665493,0.009681095930782924
2019-10-25,189.0448,-2.1303,13.53,5.24198402400784,0.00795454334234691
2019-10-28,190.9097,-0.6228,13.01,5.251800541384244,0.009816517376404654
2019-10-29,189.4313,-0.084,13.16,5.244026425809983,-0.007774115574261664
2019-10-30,190.3493,-2.773,13.08,5.248860805385443,0.004834379575460623
2019-10-31,190.4363,-0.1817,13.51,5.249317755446127,0.0004569500606841359
2019-11-01,192.1659,-0.8719,12.5,5.258359061440678,0.009041305994550441
2019-11-04,193.3545,-0.157,12.68,5.264525291638177,0.006166230197498734
2019-11-05,193.4608,-0.2494,12.85,5.265074907967602,0.0005496163294251843
2019-11-06,193.0259,-0.9737,13.18,5.26282437679248,-0.0022505311751217505
2019-11-07,193.6733,-1.8047,12.59,5.266172718888117,0.003348342095637058
2019-11-08,194.4464,-0.9128,12.98,5.270156546673625,0.003983827785507543
2019-11-11,194.1855,-1.294,13.15,5.268813887776121,-0.0013426588975038456
2019-11-12,194.7459,-1.3595,12.64,5.271695631897669,0.0028817441215478468
2019-11-13,194.7942,-2.1203,12.91,5.271943616637866,0.0002479847401977153
2019-11-14,194.6396,-1.0157,13.16,5.271149643397118,-0.000793973240748258
2019-11-15,196.0697,-1.1528,12.95,5.278470208260367,0.007320564863248613
2019-11-18,196.2243,-1.2888,12.39,5.279258392673096,0.0007881844127295423
2019-11-19,196.5142,-1.81,12.33,5.280734693329396,0.0014763006563001113
2019-11-20,195.3353,-0.8788,13.42,5.274717569117604,-0.00601712421179279
2019-11-21,194.9005,-0.9945,13.35,5.272489171928387,-0.0022283971892163024
2019-11-22,195.0261,-0.0889,12.82,5.273133395760996,0.000644223832608759
2019-11-25,197.3355,2.0251,12.51,5.284905325885349,0.01177193012435307
2019-11-26,197.7124,0.4621,11.88,5.286813449504565,0.0019081236192155515
2019-11-27,199.0942,-1.8196,11.55,5.293778079555928,0.006964630051363052
2019-11-29,198.1859,0.8202,12.5,5.289205479102938,-0.004572600452990017
2019-12-02,196.1567,0.1986,12.69,5.278913829604707,-0.010291649498230804
2019-12-03,194.6203,-0.069,14.68,5.271050480858075,-0.00786334874663197
2019-12-04,195.6059,-3.1322,16.38,5.276101920744987,0.005051439886911702
2019-12-05,195.9924,-1.4439,14.46,5.2780758829685235,0.0019739622235368515
2019-12-06,198.0893,-0.4144,14.37,5.288717939121059,0.010642056152535773
2019-12-09,197.1906,0.2626,14.25,5.2841707736896115,-0.0045471654314477306
2019-12-10,197.0263,0.0249,15.8,5.283337222365389,-0.0008335513242228032
2019-12-11,198.0699,-0.8118,15.57,5.288619998697031,0.00528277633164187
2019-12-12,199.5483,-1.595,14.94,5.296056312290326,0.0074363135932955515
2019-12-13,200.2054,-1.696,13.18,5.299343839544328,0.00328752725400161
2019-12-16,202.2153,-1.1552,12.47,5.309332971379505,0.009989131835177467
2019-12-17,202.3313,-1.0364,12.23,5.309906452917499,0.0005734815379936364
2019-12-18,202.4859,-0.5904,12.24,5.310670254492709,0.0007638015752098326
2019-12-19,203.7517,-2.3785,12.55,5.316902095644447,0.006231841151738138
2019-12-20,204.5731,-1.2689,12.55,5.320925368822961,0.004023273178514586
2019-12-23,205.1134,-2.3864,12.81,5.323562996927586,0.002637628104624312
2019-12-24,205.2199,-1.3586,12.65,5.324082087152003,0.0005190902244169848
2019-12-26,207.0308,0.3171,12.74,5.3328675744674285,0.008785487315425833
2019-12-27,206.8565,0.5963,12.61,5.3320253161507125,-0.0008422583167160269
2019-12-30,205.5008,-0.7463,13.74,5.325449926872751,-0.006575389277961641
2019-12-31,205.8881,-2.2846,14.84,5.327332817317407,0.0018828904446559491
2020-01-02,209.3259,-1.5682,13.46,5.34389236761547,0.016559550298063108
2020-01-03,207.4085,-0.188,15.01,5.33469027856218,-0.00920208905329023
2020-01-06,208.7448,0.1912,15.45,5.3411124532410605,0.006422174678880843
2020-01-07,208.7158,-0.1899,13.84,5.340973517973652,-0.00013893526740815787
2020-01-08,210.2846,-0.3601,15.16,5.348461851306426,0.007488333332773323
2020-01-09,212.0664,-1.0713,12.95,5.3568994331799376,0.008437581873511846
2020-01-10,211.5241,-0.2378,12.42,5.354338939985297,-0.0025604931946405785
2020-01-13,213.9644,-2.7743,12.84,5.365809646043114,0.011470706057816749
2020-01-14,213.1219,-1.1077,12.72,5.36186430247745,-0.003945343565663784
2020-01-15,213.2091,-0.9802,12.79,5.3622733743076285,0.0004090718301785756
2020-01-16,215.2524,-0.5305,12.2,5.371811293071465,0.009537918763836473
2020-01-17,216.3176,-0.6985,12.21,5.376747698118496,0.0049364050470313
2020-01-21,216.2208,0.3959,13.23,5.376300107793032,-0.0004475903254643754
2020-01-22,216.7921,0.5765,12.45,5.378938829787179,0.002638721994147275
2020-01-23,217.4894,-0.8867,13.26,5.382150113708935,0.0032112839217557365
2020-01-24,215.6591,-1.7234,12.75,5.37369892020957,-0.008451193499364962
2020-01-27,211.2046,-1.4881,17.42,5.35282733189795,-0.020871588311620393
2020-01-28,214.4486,-1.7121,16.94,5.368070082613298,0.015242750715348308
2020-01-29,214.7973,-1.3838,15.68,5.3696947927233065,0.0016247101100086425
2020-01-30,215.5623,-1.5666,17.82,5.373249962891468,0.0035551701681617587
2020-01-31,212.1439,-3.0255,16.25,5.35726481799432,-0.015985144897148196
2020-02-03,215.3492,-2.1067,18.64,5.37226089661047,0.014996078616150044
2020-02-04,220.2783,0.2295,16.45,5.394891746913983,0.022630850303513306
2020-02-05,221.0046,-0.448,16.29,5.398183515780772,0.0032917688667888356
2020-02-06,222.9123,-0.5233,15.13,5.406778420565197,0.008594904784424706
2020-02-07,221.9536,0.6678,15.07,5.402468351017844,-0.004310069547353024
2020-02-10,224.636,-1.5094,15.88,5.414481314411106,0.01201296339326241
2020-02-11,224.6747,0.0203,14.91,5.4146535782815,0.00017226387039404045
2020-02-12,226.8633,-0.4944,14.86,5.42434763344139,0.009694055159889636
2020-02-13,226.5728,-1.3927,14.43,5.423066306084591,-0.001281327356799089
2020-02-14,227.2216,-1.1714,14.12,5.425925752750625,0.0028594466660338824
2020-02-18,227.3088,-1.0663,14.98,5.426309445463235,0.0003836927126101841
2020-02-19,229.4877,-0.9628,14.66,5.435849433293107,0.00953998782987231
2020-02-20,227.3572,-1.5106,14.54,5.426522349002021,-0.009327084291085974
2020-02-21,222.9898,-1.3419,17.33,5.407126030503703,-0.01939631849831791
2020-02-24,214.3905,0.2678,22.25,5.36779911851345,-0.039326911990253066
2020-02-25,208.5609,-1.203,23.28,5.340231084920884,-0.027568033592566543
2020-02-26,209.6358,0.8959,26.63,5.345371739388685,0.005140654467800765
2020-02-27,199.1385,-0.3906,32.14,5.294000562542296,-0.0513711768463887
2020-02-28,199.2934,-2.4519,42.02,5.294778110764735,0.0007775482224392505
2020-03-02,209.5777,-1.3874,38.54,5.345094553656965,0.05031644289223003
2020-03-03,202.8571,-3.1199,33.65,5.312501790272365,-0.032592763384600154
2020-03-04,211.3208,-0.8444,34.44,5.353377358016755,0.04087556774438994
2020-03-05,204.9004,-1.0808,33.61,5.3225240074147395,-0.03085335060201544
2020-03-06,201.4433,-0.8141,48.93,5.305507952211098,-0.017016055203641578
2020-03-09,187.4501,0.2541,41.94,5.233512676657372,-0.07199527555372587
2020-03-10,197.6569,-0.9547,49.68,5.286532699328137,0.05302002267076489
2020-03-11,189.048,0.9754,52.24,5.242000951069133,-0.04453174825900419
2020-03-12,171.7139,0.0352,61.46,5.145829719781077,-0.09617123128805538
2020-03-13,186.259,-1.3097,71.31,5.2271381782398425,0.08130845845876511
2020-03-16,163.9474,-0.6443,57.83,5.099545644671466,-0.12759253356837608
2020-03-17,176.3815,-2.2875,82.69,5.172649262789447,0.0731036181179805
2020-03-18,171.0166,-2.2666,69.37,5.141760627814479,-0.030888634974967744
2020-03-19,172.0431,-2.0804,80.62,5.147745026818527,0.005984399004048235
2020-03-20,165.3032,-2.6625,67.86,5.1077813633812825,-0.03996366343724489
2020-03-23,165.4225,-3.6415,74.08,5.108502807195141,0.0007214438138580803
2020-03-24,178.2324,-0.7277,58.76,5.183088316691605,0.07458550949646447
2020-03-25,176.9126,-1.3752,61.44,5.175655825310981,-0.007432491380623851
2020-03-26,186.2289,-1.1428,65.67,5.226976562251428,0.05132073694044692
2020-03-27,179.824,-0.5145,64.95,5.191978594775911,-0.0349979674755172
2020-03-30,186.3647,-1.939,66.3,5.227705506634869,0.03572691185895849
2020-03-31,184.7732,-1.3955,56.69,5.219129127045907,-0.008576379588962624
2020-04-01,176.9223,-1.5892,57.38,5.1757106531417145,-0.04341847390419229
2020-04-02,180.513,-0.8715,54.46,5.1958027973401295,0.020092144198414985
2020-04-03,177.951,0.4151,51.11,5.181508231496467,-0.014294565843662177
2020-04-06,190.6735,-2.3216,44.17,5.25056254123032,0.06905430973385229
2020-04-07,190.5959,-0.4796,44.83,5.250155479970898,-0.00040706125942158167
2020-04-08,194.6427,-1.5804,45.9,5.27116557014231,0.021010090171412088
2020-04-09,194.9241,-0.1162,43.0,5.272610252024558,0.001444681882247778
2020-04-13,197.03,-1.3147,44.6,5.283356001407877,0.010745749383318959
2020-04-14,205.599,-1.4233,40.24,5.325927669755952,0.04257166834807524
2020-04-15,203.2408,-0.6377,42.57,5.31439148295081,-0.011536186805142457
2020-04-16,206.948,-0.5134,41.92,5.332467553977954,0.018076071027143925
2020-04-17,208.9277,-0.6364,39.5,5.341988259101829,0.00952070512387504
2020-04-20,206.453,-1.8427,40.68,5.3300727835900465,-0.01191547551178207
2020-04-21,198.835,-2.2478,44.28,5.292475335064403,-0.03759744852564317
2020-04-22,204.7354,-1.343,44.91,5.321718413719445,0.02924307865504172
2020-04-23,204.2986,-2.1003,41.3,5.319582649132451,-0.002135764586993716
2020-04-24,207.5205,-1.1652,38.8,5.335230129971554,0.01564748083910228
2020-04-27,209.1897,-2.5292,36.29,5.343241495797032,0.008011365825478123
2020-04-28,205.2497,0.4268,33.21,5.324227286699314,-0.019014209097718116
2020-04-29,212.528,-1.3474,32.48,5.359073744390147,0.03484645769083361
2020-04-30,212.4407,-1.3642,30.99,5.358662890596784,-0.00041085379336358585
2020-05-01,206.453,-2.1928,38.17,5.3300727835900465,-0.028590107006737142
2020-05-04,208.8598,-3.5739,39.13,5.341663213471705,0.01159042988165826
2020-05-05,211.2276,-0.1409,34.82,5.352936225112163,0.011273011640458463
2020-05-06,212.528,-0.3769,32.69,5.359073744390147,0.006137519277984005
2020-05-07,215.2647,-0.9449,32.12,5.3718684336589275,0.012794689268780246
2020-05-08,218.2148,-1.6252,30.14,5.385479898779804,0.013611465120876076
2020-05-11,220.1655,0.7567,28.46,5.394379536264333,0.008899637484529599
2020-05-12,215.5558,-0.8593,28.47,5.37321980874113,-0.021159727523203387
2020-05-13,212.858,-0.8813,32.74,5.360625276721722,-0.012594532019408078
2020-05-14,215.2744,-2.0985,35.16,5.371913493445608,0.011288216723886357
2020-05-15,216.6719,-0.7033,32.5,5.378384227776028,0.006470734330419781
2020-05-18,220.7089,-0.9464,30.71,5.396844638684318,0.01846041090828976
2020-05-19,220.1558,-0.2246,28.73,5.394335477528126,-0.002509161156191375
2020-05-20,224.5519,-1.3856,29.52,5.414106860865129,0.019771383337002568
2020-05-21,222.1064,-0.6076,28.97,5.40315654633393,-0.010950314531198657
2020-05-22,222.873,-0.7341,31.36,5.406602102503109,0.00344555616917841
2020-05-26,222.2713,-1.0458,27.72,5.4038987078220915,-0.0027033946810171017
2020-05-27,223.4844,-0.206,27.62,5.4093416129598655,0.005442905137774012
2020-05-28,223.1933,-1.3159,27.82,5.408038212135462,-0.001303400824403056
2020-05-29,226.4637,-0.3228,29.3,5.422584667178635,0.014546455043172202
2020-06-01,227.143,-3.3963,28.94,5.425579775089584,0.0029951079109489243
2020-06-02,228.6666,-1.4313,28.4,5.432265047512543,0.006685272422959798
2020-06-03,229.6953,-0.9227,26.75,5.436753648014229,0.00448860050168598
2020-06-04,228.0843,-2.0899,26.23,5.4297152974607235,-0.007038350553505879
2020-06-05,232.6066,-3.0065,24.79,5.449348614574523,0.019633317113799897
2020-06-08,234.4117,-2.4173,25.56,5.45707897113293,0.0077303565584063705
2020-06-09,236.11,-0.1677,25.93,5.4642977981288725,0.007218826995942784
2020-06-10,238.9436,-0.7267,26.73,5.4762275408194805,0.01192974269060798
2020-06-11,227.1042,-2.3721,30.45,5.425408942995982,-0.050818597823498735
2020-06-12,228.9092,-0.5334,37.68,5.433325418374514,0.007916475378531906
2020-06-15,231.6944,-1.919,44.09,5.445419261961961,0.01209384358744714
2020-06-16,235.6732,-1.7342,34.28,5.462446099616471,0.01702683765451063
2020-06-17,236.4205,-0.9573,33.28,5.465611999200292,0.0031658995838208526
2020-06-18,237.061,-1.6648,33.83,5.468317491983806,0.002705492783513286
2020-06-19,237.0221,0.6624,32.07,5.468153385732866,-0.0001641062509394331
2020-06-22,239.8647,1.1559,35.22,5.480075014375212,0.01192162864234625
2020-06-23,241.9061,-1.533,31.71,5.4885496343298685,0.008474619954656148
2020-06-24,236.9191,0.4835,31.05,5.467718732650916,-0.020830901678952962
2020-06-25,239.1744,-3.3111,36.59,5.477192992937692,0.009474260286776115
2020-06-26,233.5264,-1.8124,33.01,5.453295132816415,-0.02389786012127626
2020-06-29,236.0733,-1.8327,35.05,5.46414235002186,0.010847217205444792
2020-06-30,240.7007,-2.1415,32.54,5.48355425296926,0.019411902947399362
2020-07-01,243.5102,-0.0681,30.96,5.495158830762363,0.01160457779310331
2020-07-02,245.1628,0.5307,28.33,5.501922479665053,0.0067636489026901
2020-07-06,251.1901,-3.2289,27.76,5.526210022989391,0.02428754332433769
2020-07-07,249.4596,-2.14,28.77,5.519296978232797,-0.0069130447565939335
2020-07-08,252.7455,-1.0976,28.95,5.5323830535877825,0.013086075354985738
2020-07-09,254.8744,-1.2063,28.18,5.540770874796704,0.008387821208921231
2020-07-10,256.6146,-1.9047,30.86,5.547575348458469,0.00680447366176562
2020-07-13,251.3359,0.0679,27.85,5.526790291489294,-0.02078505696917521
2020-07-14,253.1149,-3.7874,31.14,5.53384353583016,0.007053244340865739
2020-07-15,253.6301,-1.7111,29.15,5.5358769063716045,0.00203337054144459
2020-07-16,251.8997,-2.9737,28.41,5.529030992409066,-0.006845913962538752
2020-07-17,252.1913,-1.1235,27.15,5.5301879265044,0.0011569340953343499
2020-07-20,259.3463,-2.574,26.94,5.558164234260324,0.027976307755923635
2020-07-21,256.6438,-0.2019,24.08,5.5476891313016985,-0.010475102958625193
2020-07-22,257.5478,-0.1737,24.56,5.551205333944437,0.003516202642738442
2020-07-23,250.8206,-1.3366,23.97,5.524737942546778,-0.026467391397658524
2020-07-24,248.4389,-0.8579,27.96,5.515196940052899,-0.009541002493879347
2020-07-27,252.8718,-2.3691,26.6,5.532882640934287,0.017685700881387767
2020-07-28,249.6541,-1.2777,24.86,5.5200763598039515,-0.012806281130335329
2020-07-29,252.5316,-0.6929,25.16,5.531536389399844,0.01146002959589243
2020-07-30,253.8537,-1.4333,25.04,5.536758116823916,0.005221727424071787
2020-07-31,258.3839,-0.8209,24.79,5.554446463465768,0.017688346641852704
2020-08-03,261.8738,-1.1253,25.75,5.567862708327001,0.01341624486123294
2020-08-04,262.8459,-4.4689,24.01,5.571567928893851,0.003705220566849299
2020-08-05,263.4973,0.476,23.44,5.574043121249603,0.0024751923557522204
2020-08-06,266.9872,-1.6632,23.03,5.587200717176181,0.013157595926577947
2020-08-07,263.9056,-2.9868,23.45,5.575591463443285,-0.011609253732896008
2020-08-10,262.7779,1.6005,22.88,5.5713091887059845,-0.004282274737300362
2020-08-11,257.8005,-2.8259,21.85,5.552186029991181,-0.019123158714803523
2020-08-12,264.2847,-2.302,22.82,5.577026931171855,0.02484090118067428
2020-08-13,264.8875,-2.7629,22.2,5.5793052075466845,0.0022782763748292467
2020-08-14,264.5763,-1.5475,22.27,5.578129678508301,-0.0011755290383836936
2020-08-17,267.6483,-2.1508,22.52,5.589673805240665,0.011544126732363935
2020-08-18,270.2245,-2.2787,21.69,5.599253094990628,0.009579289749963138
2020-08-19,268.4066,-1.214,21.6,5.592502994959128,-0.006750100031499784
2020-08-20,272.1298,-1.2113,24.1,5.6062791583518345,0.013776163392706486
2020-08-21,274.0157,-1.6722,22.58,5.613185404016603,0.0069062456647683845
2020-08-24,275.7267,-0.6548,22.87,5.619410157736718,0.006224753720115217
2020-08-25,277.8946,-1.7721,22.16,5.6272419051095035,0.007831747372785358
2020-08-26,283.8246,-0.3839,22.14,5.648356441730481,0.02111453662097773
2020-08-27,282.94,0.3365,23.42,5.645234861030788,-0.0031215806996929274
2020-08-28,284.3788,0.8844,24.59,5.650307152253299,0.0050722912225102945
2020-08-31,286.6632,-2.1999,23.91,5.6583080074830665,0.0080008552297679
2020-09-01,291.5628,-0.1537,25.86,5.67525541998004,0.016947412496973513
2020-09-02,294.3238,-0.9216,26.01,5.684680521830322,0.009425101850282225
2020-09-03,279.4014,-0.6834,26.28,5.632649457547602,-0.052031064282719974
2020-09-04,275.6781,-1.7539,34.62,5.619233880707117,-0.013415576840484889
2020-09-08,262.4279,-2.4024,30.61,5.569976377637214,-0.04925750306990295
2020-09-09,270.137,-1.935,31.68,5.598929237718173,0.028952860080958764
2020-09-10,264.7514,-2.5121,28.67,5.5787912724750885,-0.020137965243084643
2020-09-11,262.914,-1.599,28.63,5.571826982505131,-0.006964289969957349
2020-09-14,267.4927,-2.5862,25.86,5.589092276244064,0.01726529373893282
2020-09-15,271.284,-1.1763,25.92,5.603166242621683,0.014073966377618596
2020-09-16,266.9581,-2.0186,25.31,5.58709171724668,-0.016074525375002757
2020-09-17,262.7877,-0.8776,28.22,5.571346481862162,-0.015745235384517997
2020-09-18,259.4338,-0.9161,26.65,5.558501564087854,-0.012844917774307518
2020-09-21,260.0559,-0.9943,28.04,5.56089660790634,0.0023950438184856537
2020-09-22,264.8875,-1.8367,28.61,5.5793052075466845,0.01840859964034447
2020-09-23,256.7993,-2.4027,27.02,5.548294845955393,-0.031010361591291336
2020-09-24,257.9951,-1.7493,29.54,5.552940592493201,0.004645746537807582
2020-09-25,263.993,0.1346,28.17,5.5759225876432685,0.022981995150067824
2020-09-28,269.476,-1.4958,27.15,5.596479332580187,0.020556744936918392
2020-09-29,268.2608,-0.8492,26.81,5.591959641650964,-0.00451969092922333
2020-09-30,270.0981,0.9457,26.69,5.5987852263421365,0.006825584691172892
2020-10-01,274.3852,0.2799,25.78,5.614532958537081,0.015747732194944852
2020-10-02,266.6664,-1.2629,28.87,5.585998438999318,-0.028534519537763536
2020-10-05,272.3534,-2.0843,29.52,5.607100487687871,0.021102048688553587
2020-10-06,267.4927,2.0513,28.05,5.589092276244064,-0.018008211443807376
2020-10-07,272.1201,-0.8168,29.26,5.606243512961726,0.01715123671766161
2020-10-08,273.5686,0.3906,27.65,5.6115524130803935,0.005308900118667914
2020-10-09,277.7488,-0.5827,26.2,5.626717108078363,0.015164694997969796
2020-10-12,286.323,0.1412,25.65,5.65712054418997,0.030403436111607007
2020-10-13,286.3133,-0.4906,25.67,5.657086665792806,-3.38783971640666e-05
2020-10-14,283.9218,-0.6137,25.72,5.6486988481321765,-0.008387817660629793
2020-10-15,282.0164,-1.6852,27.1,5.641965225275486,-0.0067336228566903245
2020-10-16,280.4707,-0.6843,27.16,5.636469263178824,-0.005495962096662588
2020-10-19,275.892,-0.5889,27.36,5.6200094847898,-0.016459778389023683
2020-10-20,276.485,0.8595,28.81,5.622156569942909,0.0021470851531093516
2020-10-21,276.2711,0.5976,29.12,5.62138263000565,-0.0007739399372592715
2020-10-22,276.2614,-4.8568,30.1,5.621347518948831,-3.51110568193036e-05
2020-10-23,276.8058,-1.2245,28.47,5.623316177281213,0.001968658332382134
2020-10-26,272.6548,-0.4107,29.38,5.608206526205184,-0.015109651076028463
2020-10-27,274.7838,0.4601,32.04,5.615984606645394,0.007778080440209223
2020-10-28,264.0709,0.9006,34.69,5.576217627696432,-0.039766978948961196
2020-10-29,268.6885,-0.8368,38.8,5.593552716045341,0.017335088348908734
2020-10-30,261.8738,-0.7534,40.81,5.567862708327001,-0.025690007718339736
2020-11-02,262.4571,-0.6335,38.57,5.5700876401043455,0.0022249317773441746
2020-11-03,266.9969,-0.3621,36.44,5.587237047845956,0.017149407741610112
2020-11-04,278.9153,0.8014,36.79,5.630908151500954,0.043671103654998156
2020-11-05,286.187,0.6268,27.56,5.656645443309433,0.025737291808479057
2020-11-06,286.4007,-0.3892,27.87,5.657391879217582,0.0007464359081490457
2020-11-09,280.5485,-0.2844,24.8,5.63674661554216,-0.020645263675421965
2020-11-10,275.5226,-2.4061,25.36,5.61866965789635,-0.01807695764580952
2020-11-11,281.6859,-1.1872,25.01,5.640792620381485,0.02212296248513468
2020-11-12,280.3638,-0.6178,24.39,5.636088045542267,-0.004704574839218267
2020-11-13,282.8233,0.0296,24.94,5.644822321010412,0.008734275468144759
2020-11-16,285.0301,-0.9562,23.66,5.652594788726969,0.007772467716557152
2020-11-17,284.126,-1.0374,22.84,5.649417801744164,-0.0031769869828046637
2020-11-18,282.0262,-0.4044,22.86,5.64199997442387,-0.007417827320294279
2020-11-19,284.2329,-0.2819,23.62,5.649793972509716,0.007793998085846354
2020-11-20,282.2887,-0.0671,23.43,5.642930306119641,-0.006863666390074741
2020-11-23,282.2984,-1.0568,23.66,5.642964667514016,3.436139437429375e-05
2020-11-24,286.2647,0.0601,22.04,5.656916907261683,0.013952239747667683
2020-11-25,288.0242,0.5625,21.65,5.6630445043835875,0.006127597121904138
2020-11-27,290.6783,-0.6637,21.52,5.672217157375753,0.00917265299216563
2020-11-30,291.2712,-0.6977,22.64,5.67425479193044,0.0020376345546866403
2020-12-01,295.0042,-0.4906,20.21,5.686989593526606,0.012734801596166356
2020-12-02,295.3833,-2.4002,21.0,5.688273834985321,0.001284241458714419
2020-12-03,295.8013,-1.0658,21.24,5.689687945128435,0.0014141101431146552
2020-12-04,297.0068,0.3247,21.05,5.693755034163495,0.004067089035059368
2020-12-07,298.6886,-0.8835,22.04,5.699401559110419,0.005646524946924636
2020-12-08,299.6996,0.8053,21.65,5.702780639653725,0.0033790805433060456
2020-12-09,292.9141,-0.3493,20.66,5.679879391971717,-0.022901247682008297
2020-12-10,294.0904,-1.1859,22.12,5.683887203068672,0.004007811096954583
2020-12-11,293.439,-2.2183,22.49,5.681669781210603,-0.0022174218580683913
2020-12-14,295.5681,-0.1387,22.67,5.6888992671478436,0.007229485937240376
2020-12-15,298.7274,-2.6683,24.0,5.699531451848661,0.010632184700817504
2020-12-16,300.3704,-0.6607,22.51,5.705016379748774,0.0054849279001132345
2020-12-17,302.3341,-0.6248,21.98,5.711532697276226,0.006516317527451854
2020-12-18,301.4203,0.9881,22.15,5.708505636280001,-0.003027060996225295
2020-12-21,300.8564,-0.5688,24.25,5.706633074499757,-0.0018725617802441974
2020-12-22,301.6745,-0.4707,25.24,5.709348621545512,0.0027155470457556063
2020-12-23,300.1552,-1.1282,23.49,5.704299674218779,-0.005048947326733
2020-12-24,301.4797,-2.7044,22.47,5.708702683883889,0.004403009665109536
2020-12-28,304.5182,-2.1663,22.11,5.718730855478732,0.010028171594843371
2020-12-29,304.7909,-1.4354,21.61,5.719625967723758,0.0008951122450255866
2020-12-30,304.8007,0.3445,22.58,5.7196581203977805,3.215267402278954e-05
2020-12-31,305.5506,-0.0774,22.99,5.7221153950110635,0.0024572746132829337
2021-01-04,301.2363,-1.027,23.04,5.707895006592324,-0.014220388418739738
2021-01-05,303.7197,0.3926,26.94,5.716105236592669,0.008210230000345042
2021-01-06,299.5124,-0.3345,25.48,5.70215581903568,-0.013949417556989196
2021-01-07,306.7582,-2.5068,23.67,5.726059815100071,0.02390399606439164
2021-01-08,310.7025,-0.992,22.43,5.7388358627135885,0.01277604761351725
2021-01-11,306.2128,-0.8144,23.31,5.724280285093178,-0.014555577620410709
2021-01-12,305.7259,1.3497,23.49,5.722688948893163,-0.0015913362000148368
2021-01-13,307.7905,-0.0438,23.07,5.729419356730939,0.00673040783777612
2021-01-14,306.1446,-3.2442,22.22,5.724057539355862,-0.005361817375076683
2021-01-15,303.7197,-0.3557,23.52,5.716105236592669,-0.007952302763193586
2021-01-19,308.1509,-0.1835,23.03,5.730589598059512,0.01448436146684351
2021-01-20,315.3187,-0.0088,22.82,5.753583873387319,0.022994275327806513
2021-01-21,317.8412,-0.1639,21.34,5.761551886983737,0.007968013596418189
2021-01-22,316.9257,-2.079,22.24,5.758667361546813,-0.002884525436924079
2021-01-25,319.5454,-1.4855,22.31,5.766899360749368,0.008231999202554796
2021-01-26,320.0129,-0.2543,23.91,5.768361307481245,0.0014619467318777168
2021-01-27,311.092,-1.1048,23.82,5.740088688368835,-0.028272619112410524
2021-01-28,312.9327,-0.7443,33.25,5.745988151446464,0.005899463077629008
2021-01-29,306.3492,0.8669,35.16,5.724725627776055,-0.021262523670408484
2021-02-01,314.004,-1.1274,31.45,5.749405724680618,0.02468009690456263
2021-02-02,319.1267,0.9128,28.01,5.765588202613656,0.01618247793303773
2021-02-03,317.8606,-0.0911,24.59,5.761612921890374,-0.003975280723281571
2021-02-04,321.6198,-2.8711,23.44,5.773370102573811,0.011757180683436452
2021-02-05,322.7106,-0.2414,21.99,5.776755946364735,0.0033858437909239925
2021-02-08,324.8727,2.0427,21.89,5.783433413290576,0.006677466925840925
2021-02-09,324.8045,-1.0329,21.57,5.783223462871351,-0.00020995041922500235
2021-02-10,324.0644,-2.4917,21.64,5.7809422614731965,-0.0022812013981541313
2021-02-11,325.8466,0.1545,22.09,5.786426718475065,0.0054844570018683925
2021-02-12,327.6678,0.0914,21.6,5.792000290272668,0.005573571797603094
2021-02-16,326.7815,-0.9801,21.13,5.789291751836343,-0.0027085384363250142
2021-02-17,325.2135,-1.4886,22.02,5.7844818897271475,-0.0048098621091954286
2021-02-18,323.7917,0.1326,21.98,5.780100407808145,-0.004381481919002894
2021-02-19,322.3795,-2.2977,23.1,5.775729423002883,-0.00437098480526199
2021-02-22,314.0235,-2.6334,24.46,5.749467823872155,-0.02626159913072801
2021-02-23,313.0885,-0.3257,22.82,5.746485898178417,-0.002981925693737786
2021-02-24,315.6694,-1.9507,23.76,5.754695463403395,0.008209565224977844
2021-02-25,304.6642,-1.6529,21.73,5.719210186473178,-0.03548527693021697
2021-02-26,305.9401,0.2254,28.73,5.723389331156542,0.004179144683364555
2021-03-01,315.1435,-0.4569,25.2,5.75302809064726,0.029638759490717703
2021-03-02,310.0889,0.352,23.58,5.736859030560881,-0.016169060086379083
2021-03-03,301.0901,-0.2863,22.8,5.707409555505102,-0.029449475055779217
2021-03-04,296.1622,-1.5101,26.52,5.690907277214668,-0.01650227829043338
2021-03-05,300.6227,-0.4916,29.48,5.705855990103108,0.014948712888439353
2021-03-08,292.1108,-0.6047,27.61,5.677133182349352,-0.028722807753755575
2021-03-09,303.6319,-1.3246,25.11,5.715816112465518,0.03868293011616597
2021-03-10,302.7652,-0.6176,23.76,5.712957587613858,-0.002858524851659716
2021-03-11,309.7383,-0.9044,22.5,5.735727747398762,0.02277015978490393
2021-03-12,307.2256,-0.9014,22.57,5.727582331134821,-0.008145416263941385
2021-03-15,310.5076,-1.5537,21.84,5.738208377724549,0.010626046589727878
2021-03-16,312.2121,-2.07,20.14,5.743682764537209,0.005474386812660548
2021-03-17,313.4975,0.5084,20.1,5.747791385559521,0.004108621022311354
2021-03-18,303.895,1.2416,18.95,5.7166822470068785,-0.03110913855264208
2021-03-19,304.9663,-0.4537,21.43,5.720201278699464,0.0035190316925852727
2021-03-22,310.6854,-2.9891,21.91,5.738780824628669,0.018579545929204855
2021-03-23,309.3299,-0.2378,19.46,5.734408344918564,-0.004372479710104571
2021-03-24,304.113,-1.0016,20.64,5.717399342865295,-0.017009002053269384
2021-03-25,303.5864,0.662,20.8,5.715666248734188,-0.0017330941311071157
2021-03-26,308.1403,-0.7454,19.32,5.7305551987365915,0.014888950002403867
2021-03-29,308.0525,-2.1426,20.4,5.730270222993304,-0.0002849757432876743
2021-03-30,306.5021,-0.2918,20.76,5.725224606902549,-0.005045616090754379
2021-03-31,311.1925,0.0077,19.8,5.740411691756751,0.015187084854201949
2021-04-01,316.4971,-2.0244,18.6,5.757314078825034,0.016902387068282287
2021-04-05,322.8159,-0.8132,18.16,5.777082191688308,0.01976811286327429
2021-04-06,322.5917,-1.1626,18.07,5.776387436903834,-0.0006947547844742274
2021-04-07,323.3717,0.359,17.99,5.778802435583617,0.0024149986797832312
2021-04-08,326.7457,-1.0352,16.92,5.789182192509553,0.010379756925935624
2021-04-09,328.7252,-2.966,17.05,5.795222143384083,0.006039950874530575
2021-04-12,328.2961,-0.5128,17.43,5.7939159450583695,-0.001306198325713659
2021-04-13,332.1284,0.4662,16.99,5.8055216411371005,0.011605696078730965
2021-04-14,328.1402,-2.8404,16.71,5.793440956082497,-0.012080685054603357
2021-04-15,333.1133,0.1168,16.78,5.808482672352099,0.015041716269601935
2021-04-16,333.5034,-0.5409,16.65,5.8096530602062595,0.0011703878541604595
2021-04-19,330.4511,-0.6037,17.04,5.80045869070499,-0.009194369501269506
2021-04-20,328.0426,-1.8354,17.36,5.793143477999501,-0.00731521270548896
2021-04-21,330.8509,-3.4169,18.48,5.8016678207203505,0.008524342720849454
2021-04-22,326.8627,-0.8291,17.28,5.789540205048099,-0.012127615672251402
2021-04-23,330.9778,-0.8854,18.56,5.8020513036414,0.012511098593300574
2021-04-26,333.1328,-0.4283,17.94,5.808541209280137,0.006489905638737525
2021-04-27,331.6896,-2.0828,17.62,5.80419959182867,-0.004341617451466995
2021-04-28,330.5681,-1.9634,17.47,5.800812689503275,-0.003386902325394736
2021-04-29,331.7578,0.7135,16.88,5.804405184616404,0.0035924951131285354
2021-04-30,329.5833,-2.4443,17.67,5.797829129275948,-0.006576055340455689
2021-05-03,327.8282,1.3093,18.65,5.7924896906754215,-0.005339438600526769
2021-05-04,321.9286,6.1291,18.16,5.774329781826218,-0.01815990884920371
2021-05-05,320.8461,-0.9248,18.84,5.770961568909933,-0.003368212916284641
2021-05-06,323.2645,0.8003,18.41,5.778470873567812,0.0075093046578791345
2021-05-07,325.8876,-0.6323,18.45,5.786552536638525,0.008081663070712786
2021-05-10,317.6575,-0.1515,17.34,5.760973758326301,-0.025578778312223882
2021-05-11,317.2187,-0.7058,21.17,5.759591441364753,-0.0013823169615481135
2021-05-12,309.0081,-0.4193,22.42,5.733367490146408,-0.026223951218344865
2021-05-13,311.3972,-1.1274,26.03,5.741069267708863,0.007701777562454382
2021-05-14,318.2719,0.1515,21.77,5.762906048895562,0.02183678118669974
2021-05-17,316.3411,-0.3177,19.89,5.756821061800587,-0.0060849870949750695
2021-05-18,314.2056,-2.0417,18.89,5.75004754870534,-0.006773513095247097
2021-05-19,314.5663,0.0157,22.46,5.751194864733829,0.0011473160284891648
2021-05-20,320.6511,0.1352,22.33,5.77035361612072,0.019158751386890494
2021-05-21,318.8765,-2.1009,20.42,5.764803880488544,-0.005549735632175867
2021-05-24,324.2396,-1.427,20.5,5.7814827486652085,0.01667886817666453
2021-05-25,324.6882,-0.2063,18.35,5.782865337210375,0.0013825885451668185
2021-05-26,325.8193,-0.6788,18.37,5.7863429332102045,0.0034775959998292194
2021-05-27,324.6004,0.4897,18.03,5.782594887365621,-0.0037480458445831033
2021-05-28,325.6242,0.1891,16.8,5.785743955690794,0.003149068325172699
2021-06-01,324.5419,-0.9213,17.24,5.782414649534384,-0.003329306156410361
2021-06-02,325.1757,-2.5184,17.86,5.784365651634502,0.0019510021001183375
2021-06-03,321.7921,-2.1333,17.73,5.77390568484737,-0.010459966787132124
2021-06-04,327.2528,-2.0787,18.09,5.790732960903139,0.016827276055768614
2021-06-07,328.2279,-1.4528,17.34,5.793708184183686,0.0029752232805471124
2021-06-08,328.384,-0.1263,16.58,5.794183655319499,0.0004754711358136987
2021-06-09,328.4619,-0.2493,17.18,5.794420849463104,0.0002371941436045688
2021-06-10,331.8846,-3.3308,18.18,5.804787318131511,0.010366468668406625
2021-06-11,332.7524,-0.9536,16.18,5.807398669871299,0.0026113517397883257
2021-06-14,335.9412,-0.5915,16.04,5.816936144648918,0.009537474777618904
2021-06-15,333.7471,-1.2475,16.27,5.810383520538132,-0.006552624110786276
2021-06-16,332.5281,-2.0483,16.99,5.806724367803227,-0.0036591527349045805
2021-06-17,336.7505,-0.8536,18.49,5.819342300070366,0.012617932267138698
2021-06-18,334.1079,0.7508,16.96,5.811463994698243,-0.007878305372122973
2021-06-21,336.1844,-1.2333,21.74,5.817659818946144,0.006195824247900994
2021-06-22,339.3182,-1.0177,17.91,5.826938310198362,0.00927849125221858
2021-06-23,339.4842,-1.129,16.25,5.827427406887795,0.0004890966894324222
2021-06-24,341.5832,-0.3903,15.99,5.833591280377154,0.006163873489358984
2021-06-25,341.1633,-0.3532,16.04,5.832361248284887,-0.0012300320922671304
2021-06-28,345.3124,0.4491,16.07,5.844449514553371,0.012088266268484027
2021-06-29,346.562,-2.4846,15.69,5.848061734802437,0.003612220249066489
2021-06-30,346.0153,0.3064,16.18,5.846482993733243,-0.0015787410691938675
2021-07-01,346.152,-0.2026,15.62,5.846877984949319,0.0003949912160754465
2021-07-02,350.1254,-1.6063,15.53,5.858291376028745,0.011413391079426738
2021-07-06,351.6385,-1.4189,15.77,5.8626036592475685,0.004312283218823154
2021-07-07,352.3806,0.1194,16.43,5.864711841468338,0.0021081822207698053
2021-07-08,350.2523,-1.9788,17.74,5.858653751933599,-0.006058089534739075
2021-07-09,352.4391,0.6143,17.88,5.864877841369119,0.006224089435519886
2021-07-12,353.8157,0.2466,16.85,5.868776156094435,0.0038983147253155437
2021-07-13,353.8157,2.3884,16.39,5.868776156094435,0.0
2021-07-14,354.4502,-2.1579,17.34,5.870567856555346,0.0017917004609113718
2021-07-15,351.9607,-2.2259,16.7,5.863519521637753,-0.00704833491759338
2021-07-16,349.1101,-0.5513,16.8,5.855387345230723,-0.008132176407030123
2021-07-19,346.2496,-1.6622,19.61,5.847159902266224,-0.008227442964498621
2021-07-20,350.2718,0.3779,20.89,5.858709424536455,0.011549522270231094
2021-07-21,352.9761,-0.111,19.73,5.866400349258748,0.0076909247222927135
2021-07-22,355.3093,1.0271,17.59,5.872988677747747,0.006588328488999373
2021-07-23,359.4585,-0.9113,16.98,5.884598732389126,0.011610054641378653
2021-07-26,359.7416,-3.5601,18.67,5.885385995946574,0.0007872635574486253
2021-07-27,355.778,-4.0102,18.62,5.8743069408298645,-0.011079055116709924
2021-07-28,357.1446,1.0978,19.41,5.878140741789072,0.0038338009592076006
2021-07-29,357.7793,-1.1837,17.91,5.879916315851569,0.00177557406249651
2021-07-30,355.9146,-0.9706,19.69,5.874690814433938,-0.0052255014176303405
2021-08-02,355.9439,0.5025,18.16,5.874773134164662,8.231973072359011e-05
2021-08-03,358.1015,-0.9521,19.17,5.8808164657696995,0.006043331605037672
2021-08-04,358.6189,-1.7746,18.23,5.882260264745923,0.001443798976223043
2021-08-05,360.8935,-1.4022,17.73,5.888582900957319,0.006322636211396393
2021-08-06,359.312,0.4616,17.46,5.884191091836185,-0.004391809121133683
2021-08-09,359.9758,-1.4994,17.12,5.886036806968419,0.0018457151322337495
2021-08-10,358.1307,-1.8717,16.82,5.8808980035727085,-0.0051388033957104895
2021-08-11,357.5157,-0.3812,16.81,5.879179277253695,-0.001718726319013264
2021-08-12,358.8043,-2.6865,16.33,5.882777114505248,0.0035978372515526047
2021-08-13,360.0636,-0.5186,15.68,5.886280682513105,0.0035035680078570053
2021-08-16,360.2198,0.2832,17.05,5.886714400692501,0.00043371817939608093
2021-08-17,357.047,-1.4166,17.31,5.877867425775253,-0.008846974917248396
2021-08-18,353.6107,-0.2352,17.56,5.8681965904866535,-0.009670835288599022
2021-08-19,355.3191,-3.5174,23.12,5.873016258970227,0.004819668483573736
2021-08-20,358.9996,-2.2514,22.74,5.88332127428153,0.010305015311303123
2021-08-23,364.369,0.0336,18.83,5.898167090416866,0.014845816135335532
2021-08-24,365.4818,1.1836,16.96,5.9012164831483895,0.0030493927315236036
2021-08-25,365.9018,-1.0476,17.42,5.90236499138994,0.001148508241550772
2021-08-26,363.5783,0.0823,17.46,5.8959946795542475,-0.00637031183569281
2021-08-27,367.1123,-1.8463,17.95,5.905667795798195,0.009673116243947177
2021-08-30,371.2322,0.3386,16.77,5.916827742839511,0.01115994704131662
2021-08-31,370.9294,-1.5178,15.98,5.916011748002803,-0.0008159948367083558
2021-09-01,371.5445,0.5872,16.06,5.917668641641002,0.0016568936381986532
2021-09-02,371.3688,-0.7827,16.27,5.917195638927829,-0.00047300271317229914
2021-09-03,372.511,-2.1356,16.27,5.920266567584949,0.0030709286571193317
2021-09-07,373.0382,-2.0261,16.94,5.921680827268609,0.0014142596836599353
2021-09-08,371.7397,-1.9148,18.97,5.918193878164225,-0.0034869491043831857
2021-09-09,370.4609,-3.7258,19.44,5.914747906103708,-0.0034459720605175548
2021-09-10,367.6492,-0.9077,17.94,5.907129222657272,-0.007618683446436236
2021-09-13,367.3954,-0.6206,19.64,5.9064386522889265,-0.0006905703683450781
2021-09-14,366.3508,1.0371,19.58,5.903591344307697,-0.0028473079812298963
2021-09-15,369.0745,0.927,19.3,5.910998520681037,0.0074071763733405405
2021-09-16,369.3283,-2.5322,18.41,5.911685950387411,0.0006874297063736989
2021-09-17,364.9547,-0.8246,18.37,5.899773236291218,-0.011912714096192545
2021-09-20,357.4136,0.9625,24.25,5.8788936546034725,-0.02087958168774584
2021-09-21,357.8534,-1.2529,23.41,5.880123405327119,0.0012297507236462835
2021-09-22,361.1959,-0.4004,22.72,5.889420470426358,0.009297065099239
2021-09-23,364.5287,-1.9931,19.91,5.898605286346296,0.009184815919938139
2021-09-24,364.8707,-0.5642,19.33,5.899543044247009,0.0009377579007132653
2021-09-27,361.9582,-0.8623,17.78,5.891528735545382,-0.008014308701627115
2021-09-28,351.7157,0.4609,19.74,5.86282317880204,-0.02870555674334163
2021-09-29,351.139,-0.1035,22.07,5.8611821564700595,-0.0016410223319809347
2021-09-30,349.8489,-2.223,21.48,5.857501346982303,-0.003680809487756065
2021-10-01,352.0186,0.1251,24.78,5.863684015111156,0.0061826681288525975
2021-10-04,344.63,-0.7935,22.9,5.842471377762471,-0.02121263734868517
2021-10-05,349.2821,-2.6903,22.92,5.85587990515186,0.013408527389389135
2021-10-06,351.5203,-1.2681,22.95,5.86226746207244,0.0063875569205800176
2021-10-07,354.7455,-2.8082,20.54,5.8714006309702675,0.00913316889782756
2021-10-08,352.9764,-0.1571,19.46,5.8664011991742875,-0.004999431795980058
2021-10-11,350.2692,-1.8987,19.93,5.858702001701817,-0.007699197472470054
2021-10-12,349.0476,-1.8556,20.62,5.855208302587013,-0.0034936991148040164
2021-10-13,351.8427,-1.7382,20.14,5.863184200719708,0.007975898132694503
2021-10-14,358.3225,-1.8646,18.01,5.881433418878501,0.018249218158793212
2021-10-15,360.5802,-2.0182,16.64,5.887714400775834,0.006280981897332616
2021-10-18,364.2061,-2.2211,17.29,5.897719916192234,0.010005515416399824
2021-10-19,366.9622,1.3311,16.09,5.9052588454747825,0.007538929282548956
2021-10-20,366.4833,-3.6017,15.82,5.903952954122097,-0.0013058913526853289
2021-10-21,368.7213,-2.5772,16.06,5.910041074116604,0.006088119994506869
2021-10-22,365.6233,-1.9898,15.35,5.901603568402662,-0.00843750571394164
2021-10-25,369.3664,0.6467,16.14,5.911789105317407,0.010185536914744553
2021-10-26,370.5295,-0.6901,15.02,5.914933063698721,0.0031439583813144267
2021-10-27,371.3896,-1.4625,15.79,5.9172516463725255,0.002318582673804137
2021-10-28,375.5139,0.7431,17.06,5.928295487829319,0.011043841456793047
2021-10-29,377.3611,-1.3384,17.4,5.933202553960098,0.004907066130779292
2021-11-01,378.6512,0.9279,16.85,5.936615464708382,0.0034129107482838705
2021-11-02,380.2344,-1.1704,16.54,5.940787904656802,0.0041724399484204255
2021-11-03,384.2708,1.3063,16.11,5.951347512378506,0.010559607721703834
2021-11-04,389.1967,-0.6492,15.06,5.964084871344763,0.012737358966257162
2021-11-05,389.5681,-1.0558,15.59,5.965038689566021,0.0009538182212578405
2021-11-08,389.0402,0.2141,17.23,5.963682680181353,-0.0013560093846676224
2021-11-09,386.3624,0.5248,17.43,5.956775789114972,-0.0069068910663814265
2021-11-10,380.684,-1.6523,17.74,5.9419696346618105,-0.014806154453161469
2021-11-11,381.7396,0.5512,18.34,5.944738700767593,0.002769066105782869
2021-11-12,385.7565,-1.4874,17.49,5.9552063413929455,0.010467640625352104
2021-11-15,385.6685,-1.2982,17.03,5.9549781921875615,-0.0002281492053839429
2021-11-16,388.4149,-0.1378,16.86,5.962074098194221,0.007095906006659547
2021-11-17,388.6201,-0.674,16.36,5.9626022597436235,0.0005281615494023839
2021-11-18,392.6467,0.5495,16.81,5.972910225354139,0.010307965610515168
2021-11-19,394.836,-1.7408,17.36,5.978470488812524,0.0055602634583857835
2021-11-22,390.2522,-0.3354,18.2,5.966793196791567,-0.011677292020957353
2021-11-23,388.4735,-0.6968,20.24,5.96222495641301,-0.004568240378556965
2021-11-24,389.7245,-3.0432,19.17,5.965440079241991,0.003215122828980732
2021-11-26,382.3357,-2.4663,26.62,5.946299018503131,-0.019141060738859572
2021-11-29,390.6334,1.6619,25.31,5.967769524259459,0.021470505756327363
2021-11-30,384.8964,-1.1469,26.23,5.952974207167238,-0.014795317092220373
2021-12-01,378.3482,-1.0425,24.92,5.935814935629544,-0.017159271537694032
2021-12-02,381.0751,-1.7018,29.44,5.942996468563406,0.00718153293386159
2021-12-03,374.4486,-0.598,26.95,5.925454543871455,-0.01754192469195104
2021-12-06,377.449,-1.2287,28.99,5.933435460224594,0.007980916353139023
2021-12-07,388.8155,-2.1927,24.58,5.96310493804679,0.0296694778221962
2021-12-08,390.5551,-0.7471,21.74,5.9675690604782785,0.004464122431488526
2021-12-09,384.8084,-0.7509,20.31,5.952745548075121,-0.014823512403157935
2021-12-10,388.9915,2.1255,21.27,5.963557492479969,0.010811944404848006
2021-12-13,383.3717,-1.312,19.29,5.9490050146373425,-0.014552477842626033
2021-12-14,379.4037,-2.6515,19.67,5.938600809693741,-0.010404204943601947
2021-12-15,388.0532,-0.3841,21.6,5.9611424436261515,0.02254163393241093
2021-12-16,378.0746,-0.8298,18.56,5.9350915306451055,-0.026050912981046004
2021-12-17,376.1882,0.5505,20.7,5.930089550080473,-0.005001980564632191
2021-12-20,372.5392,-1.8702,25.89,5.920342267182139,-0.009747282898334042
2021-12-21,380.8767,-0.5479,22.28,5.942475700702541,0.02213343352040198
2021-12-22,385.5152,1.9349,21.04,5.954580621538651,0.012104920836109478
2021-12-23,388.4217,0.7794,18.81,5.962091605093356,0.007510983554705142
2021-12-27,394.8412,1.3261,19.37,5.978483658750823,0.016392053657467542
2021-12-28,393.0113,-4.4171,17.78,5.973838364636558,-0.004645294114265397
2021-12-29,392.9525,-0.1305,17.63,5.973688739424532,-0.00014962521202566137
2021-12-30,391.7782,-0.438,17.3,5.970695863329467,-0.0029928760950657107
2021-12-31,389.3318,-2.2433,17.63,5.964431936356143,-0.006263926973323564
2022-01-03,393.0797,-3.4001,17.6,5.974012390290516,0.009580453934372457
2022-01-04,387.9813,-0.2523,16.57,5.960957142585526,-0.013055247704989448
2022-01-05,376.062,-0.2711,17.07,5.929754023413458,-0.031203119172068305
2022-01-06,375.7978,-1.4717,20.29,5.929051232784475,-0.000702790628983152
2022-01-07,371.7269,-1.5763,19.85,5.9181594448756245,-0.010891787908850148
2022-01-10,371.9716,-1.0953,19.58,5.918817507272767,0.0006580623971421673
2022-01-11,377.5593,-1.4687,19.62,5.933727642445066,0.014910135172299555
2022-01-12,379.0565,0.8377,18.17,5.937685270488777,0.003957628043711026
2022-01-13,369.574,0.7941,18.06,5.912350990972764,-0.02533427951601297
2022-01-14,371.8737,0.7098,20.11,5.9185542804954645,0.006203289522700217
2022-01-18,362.6163,-0.9193,21.18,5.893345250426772,-0.025209030068692684
2022-01-19,358.6334,-2.0291,23.12,5.882300696822618,-0.011044553604153684
2022-01-20,353.9753,-2.5071,23.46,5.869227136688155,-0.013073560134462703
2022-01-21,344.16,-1.1364,25.38,5.84110666551942,-0.028120471168735506
2022-01-24,345.7355,-2.034,28.2,5.845674031849112,0.00456736632969168
2022-01-25,337.7209,0.1292,32.29,5.8222198147272755,-0.02345421712183615
2022-01-26,337.1925,-0.7286,29.35,5.820653983887461,-0.0015658308398140974
2022-01-27,333.7968,-1.796,32.19,5.810532424602994,-0.010121559284467452
2022-01-28,344.2677,-0.9718,30.27,5.841419552409005,0.030887127806010994
2022-01-31,355.2768,1.1189,28.36,5.872897203962874,0.03147765155386928
2022-02-01,357.6939,-0.4301,24.57,5.87967759272286,0.006780388759985989
2022-02-02,360.6003,-0.4573,21.56,5.887770142715627,0.008092549992766429
2022-02-03,345.9801,-0.5949,22.63,5.846381258952838,-0.04138888376278871
2022-02-04,350.3448,-0.6435,23.77,5.8589178124058385,0.012536553453000643
2022-02-07,347.5264,-1.1989,24.09,5.850840633342202,-0.008077179063636919
2022-02-08,351.431,-0.7043,23.09,5.8620133904163225,0.01117275707412091
2022-02-09,358.878,-1.6488,21.27,5.8829824978629235,0.020969107446600965
2022-02-10,350.7556,0.7918,20.37,5.860089684642716,-0.02289281322020731
2022-02-11,339.6292,-3.4889,24.39,5.827854434250834,-0.03223525039188235
2022-02-14,340.05,-2.1992,29.17,5.829092665621648,0.0012382313708139137
2022-02-15,348.505,-0.5966,28.09,5.853652577299954,0.02455991167830618
2022-02-16,348.4169,0.0364,25.19,5.853399751264585,-0.00025282603536869175
2022-02-17,338.0536,-0.8658,24.83,5.823204462792216,-0.03019528847236952
2022-02-18,334.198,-0.8197,26.66,5.811733631702932,-0.011470831089283706
2022-02-22,330.8414,0.3398,31.8,5.801639106467515,-0.010094525235417429
2022-02-23,322.3669,1.2478,28.04,5.775690337868009,-0.025948768599505456
2022-02-24,333.1998,0.4872,37.5,5.808742310052412,0.0330519721844027
2022-02-25,338.3668,-1.314,31.68,5.824130514172046,0.01538820411963382
2022-02-28,339.3747,0.0486,32.44,5.827104806709909,0.002974292537863299
2022-03-01,334.1784,-1.2122,29.45,5.811674982115647,-0.015429824594262342
2022-03-02,339.7858,0.5586,34.2,5.8283154190768185,0.0166404369611719
2022-03-03,334.932,-0.4832,30.52,5.813927526146181,-0.014387892930637136
2022-03-04,330.0782,-1.5766,31.9,5.799329596084612,-0.014597930061569286
2022-03-07,317.9045,1.1581,35.88,5.761751023211349,-0.03757857287326338
2022-03-08,316.4268,-3.5336,36.19,5.757091935214122,-0.004659087997226585
2022-03-09,327.8176,1.7405,33.74,5.792457356143572,0.03536542092945005
2022-03-10,324.1772,-1.4967,33.03,5.781290279869852,-0.011167076273720156
2022-03-11,317.4544,-1.2636,30.43,5.760334185970868,-0.020956093898983674
2022-03-14,311.3577,-1.7099,31.03,5.740942412022772,-0.019391773948096436
2022-03-15,321.124,-0.9128,33.13,5.771827341373038,0.030884929350266432
2022-03-16,333.0335,-1.0359,29.02,5.808243085521143,0.03641574414810478
2022-03-17,337.0653,0.9083,26.51,5.820276680127656,0.012033594606513098
2022-03-18,343.9643,-2.5593,26.36,5.840537872918211,0.020261192790554716
2022-03-21,343.0081,-2.668,25.14,5.837754062047456,-0.0027838108707545217
2022-03-22,349.7491,-0.2296,24.02,5.85721604027566,0.019461978228203947
2022-03-23,344.7227,-0.3252,23.04,5.842740325720632,-0.014475714555028496
2022-03-24,352.3847,-0.3705,23.61,5.864723476547421,0.021983150826788922
2022-03-25,352.0908,-2.6931,21.87,5.8638890968789985,-0.0008343796684222582
2022-03-28,357.5385,0.7261,22.14,5.879243048643354,0.0153539517643555
2022-03-29,363.6916,0.4736,19.7,5.89630625576802,0.017063207124666135
2022-03-30,359.6744,-1.8809,19.38,5.885199177749049,-0.011107078018970817
2022-03-31,355.2164,-0.4706,19.68,5.872727181223331,-0.01247199652571851
2022-04-01,354.5403,-2.2139,20.62,5.870822020752144,-0.0019051604711863845
2022-04-04,361.8398,0.0182,20.75,5.891201572438947,0.020379551686802166
2022-04-05,353.8055,-0.3346,18.79,5.86874732711079,-0.022454245328156652
2022-04-06,346.1238,-0.4118,21.27,5.846796514529537,-0.02195081258125331
2022-04-07,346.9469,-0.5214,21.97,5.849171742300596,0.002375227771059585
2022-04-08,342.0968,-0.5995,21.25,5.835093737949749,-0.014078004350847273
2022-04-11,334.0038,-1.1438,23.09,5.811152370157489,-0.023941367792259527
2022-04-12,332.5928,-1.1292,24.94,5.80691891889974,-0.004233451257749543
2022-04-13,339.3534,-1.8749,23.52,5.827042042253842,0.020123123354101935
2022-04-14,331.5934,-1.7286,21.72,5.803909519564872,-0.023132522688969814
2022-04-18,331.8481,-1.8618,24.52,5.804677334097165,0.0007678145322929097
2022-04-19,339.2653,0.2325,22.55,5.826782397182184,0.022105063085018806
2022-04-20,334.3172,0.0261,21.13,5.8120902428952075,-0.014692154286976233
2022-04-21,327.3999,-1.6184,20.24,5.791182359500214,-0.02090788339499383
2022-04-22,318.8266,0.9693,22.71,5.764647381327408,-0.0265349781728057
2022-04-25,322.9222,-1.4947,30.04,5.777411427336507,0.012764046009099417
2022-04-26,310.7335,2.0665,27.38,5.738935631635973,-0.038475795700533943
2022-04-27,310.3611,-0.3504,31.11,5.7377364582906365,-0.0011991733453369235
2022-04-28,321.3839,-2.4776,29.91,5.772636358707069,0.03489990041643232
2022-04-29,306.922,0.346,28.97,5.726593643644287,-0.046042715062782236
2022-05-02,312.0464,-0.414,33.35,5.743151894700782,0.016558251056495443
2022-05-03,312.3795,0.6939,31.76,5.744218794813659,0.0010669001128773559
2022-05-04,322.9417,-1.9251,29.12,5.7774718115753725,0.033253016761713106
2022-05-05,306.6771,0.6175,25.97,5.725795402535381,-0.05167640903999171
2022-05-06,303.0028,-0.153,32.23,5.713742046390764,-0.012053356144616778
2022-05-09,291.1473,-0.414,31.9,5.673829324669804,-0.03991272172095961
2022-05-10,294.6844,-3.0249,33.66,5.685904953154205,0.012075628484400802
2022-05-11,285.9446,0.4616,32.87,5.655798085762659,-0.03010686739154611
2022-05-12,285.2685,-2.5725,33.74,5.653430842029174,-0.0023672437334854024
2022-05-13,295.8405,-0.4482,31.09,5.6898204577401446,0.03638961571097088
2022-05-16,292.4113,-1.875,30.01,5.678161372819733,-0.0116590849204119
2022-05-17,299.9851,-0.9624,27.07,5.703732806756105,0.0255714339363724
2022-05-18,285.2587,-0.5304,26.74,5.6533964878388705,-0.05033631891723456
2022-05-19,283.7302,-3.8314,31.24,5.6480237866252105,-0.005372701213659958
2022-05-20,282.8483,-0.5502,28.78,5.644910711518319,-0.0031130751068912943
2022-05-23,287.5515,0.6062,28.98,5.661401974630247,0.016491263111928056
2022-05-24,281.4374,-1.7974,29.43,5.639910042743051,-0.021491931887196003
2022-05-25,285.3763,0.3411,29.33,5.653808660249132,0.013898617506081123
2022-05-26,293.2832,-0.8058,28.42,5.68113869510661,0.02733003485747787
2022-05-27,302.8559,-1.4483,27.5,5.71325711482874,0.03211841972212959
2022-05-31,302.0524,-1.7501,27.47,5.710600512257537,-0.002656602571202704
2022-06-01,299.8185,-1.0266,26.05,5.703177291569852,-0.007423220687685195
2022-06-02,308.0292,-2.5344,25.73,5.730194583674651,0.027017292104798862
2022-06-03,300.0145,0.9553,24.91,5.703830806821516,-0.026363776853134624
2022-06-06,301.0139,-0.3805,25.37,5.707156443084633,0.0033256362631171044
2022-06-07,303.6103,-1.5545,25.54,5.715744971164702,0.008588528080069047
2022-06-08,301.4254,-0.4253,24.37,5.7085225560324355,-0.007222415132266846
2022-06-09,293.3519,1.414,24.29,5.681372912255616,-0.027149643776819943
2022-06-10,283.0052,-1.6706,26.26,5.645465272032731,-0.035907640222884396
2022-06-13,269.8465,0.2853,31.37,5.597853278811926,-0.047611993220805005
2022-06-14,270.3363,1.2574,33.01,5.59966673949313,0.0018134606812036935
2022-06-15,277.0872,0.0489,32.39,5.624332258091804,0.02466551859867394
2022-06-16,265.9077,-0.5683,30.35,5.583149256084675,-0.04118300200712888
2022-06-17,269.141,-0.4596,32.84,5.595235405844875,0.012086149760199838
2022-06-21,275.9312,-1.0641,30.63,5.620151559280564,0.024916153435689203
2022-06-22,275.5288,1.1858,31.45,5.618692160334418,-0.0014593989461459955
2022-06-23,279.6323,-0.4335,29.29,5.633475525862018,0.014783365527599734
2022-06-24,289.2135,-1.618,29.07,5.6671651696930345,0.0336896438310168
2022-06-27,287.093,-1.8567,28.3,5.659806205081259,-0.0073589646117753205
2022-06-28,278.3463,-0.9354,26.9,5.628866021923961,-0.030940183157298407
2022-06-29,278.6014,-0.8785,28.8,5.629782086458707,0.0009160645347465746
2022-06-30,275.146,0.081,29.42,5.617301865875111,-0.012480220583596768
2022-07-01,276.9621,-0.1018,29.53,5.62388067372151,0.006578807846399748
2022-07-05,281.7036,-3.8079,27.37,5.640855454353384,0.016974780631874076
2022-07-06,283.5099,-0.6609,27.84,5.647247043193016,0.006391588839631979
2022-07-07,289.5767,-1.531,26.73,5.668420201473714,0.02117315828069799
2022-07-08,289.9399,-2.473,26.41,5.669673660123747,0.0012534586500327904
2022-07-11,283.7455,-1.3279,26.42,5.648077709639019,-0.021595950484727844
2022-07-12,280.9967,-1.6203,27.14,5.6383429254925455,-0.009734784146473885
2022-07-13,280.4175,-3.707,27.35,5.636279564054615,-0.002063361437930844
2022-07-14,281.4189,-1.9689,27.47,5.6398443066039805,0.0035647425493658957
2022-07-15,286.5237,-2.2019,26.72,5.6578212552465645,0.017976948642584034
2022-07-18,284.0989,-1.3814,24.83,5.649322416976546,-0.008498838270018183
2022-07-19,292.8358,-1.6686,25.12,5.679612042372626,0.0302896253960796
2022-07-20,297.4792,-0.4234,24.23,5.695344306575063,0.015732264202436674
2022-07-21,301.7496,-2.0471,24.07,5.709597534376099,0.014253227801036772
2022-07-22,296.4583,-1.5666,23.3,5.69190656773749,-0.01769096663860914
2022-07-25,294.7698,-0.0651,24.33,5.686194712733822,-0.005711855003668553
2022-07-26,288.9778,-3.036,23.95,5.666349868552889,-0.01984484418093313
2022-07-27,301.19,-1.8197,24.27,5.70774129484338,0.04139142629049175
2022-07-28,304.135,-1.8914,23.33,5.717471681779716,0.009730386936335655
2022-07-29,309.6815,-2.013,22.13,5.735544349967298,0.018072668187581797
2022-08-01,309.495,0.8115,22.41,5.734941936905303,-0.0006024130619950441
2022-08-02,308.5723,-2.5004,24.08,5.731956175692984,-0.0029857612123187494
2022-08-03,316.9755,-0.3993,23.86,5.7588244838242355,0.026868308131251517
2022-08-04,318.4578,-0.7134,22.06,5.763489970158484,0.00466548633424857
2022-08-05,315.8563,-1.403,21.5,5.75528736332277,-0.008202606835713944
2022-08-08,314.8353,-1.6145,21.74,5.752049644945315,-0.00323771837745479
2022-08-09,311.2719,-1.126,21.41,5.74066680674945,-0.011382838195864942
2022-08-10,319.9598,-1.3018,22.28,5.768195362902291,0.027528556152840444
2022-08-11,318.1437,-0.8393,19.84,5.762503167502541,-0.005692195399749522
2022-08-12,324.3381,-0.7287,20.34,5.781786490223876,0.019283322721334706
2022-08-15,326.9591,-1.5359,20.74,5.789835086621943,0.008048596398066543
2022-08-16,326.1934,-2.064,20.23,5.787490456996325,-0.0023446296256173227
2022-08-17,322.4729,-2.2049,19.74,5.776019101697273,-0.011471355299052632
2022-08-18,323.2484,-1.9596,20.51,5.778421067910405,0.0024019662131324893
2022-08-19,316.946,-1.7728,20.16,5.758731412363428,-0.019689655546977214
2022-08-22,308.6017,1.3118,22.41,5.732051448663078,-0.026679963700350307
2022-08-23,308.3465,-2.1445,24.13,5.731224150635284,-0.0008272980277936881
2022-08-24,309.2398,0.4649,24.37,5.734117027705201,0.0028928770699172546
2022-08-25,314.7077,-1.561,22.41,5.751644271518091,0.01752724381289017
2022-08-26,301.8084,-2.9221,22.07,5.709792378948406,-0.041851892569685134
2022-08-29,298.834,0.007,26.86,5.6998882352725255,-0.009904143675880661
2022-08-30,295.506,-1.8378,25.75,5.688689141208545,-0.01119909406398012
2022-08-31,293.7881,-2.0306,25.86,5.682858759175435,-0.005830382033110482
2022-09-01,293.9158,-1.7355,26.88,5.683293331762105,0.0004345725866699013
2022-09-02,289.7632,-0.7949,25.51,5.6690640376964305,-0.014229294065674303
2022-09-06,287.682,-0.972,25.46,5.6618557034281665,-0.0072083342682640605
2022-09-07,293.4936,-0.1676,26.93,5.681855833238238,0.0200001298100716
2022-09-08,295.0152,-0.3555,24.7,5.68702688043616,0.00517104719792183
2022-09-09,301.4649,-1.207,23.49,5.708653591479702,0.021626711043541746
2022-09-12,305.048,-0.9511,23.58,5.7204691412741235,0.011815549794421898
2022-09-13,288.3202,-1.3473,23.67,5.664071668093428,-0.0563974731806951
2022-09-14,290.6074,-2.6593,26.73,5.671973215368057,0.007901547274628662
2022-09-15,285.7677,-0.0349,26.1,5.655179243013795,-0.016793972354261832
2022-09-16,284.0204,-1.2397,27.47,5.6490460665674,-0.006133176446395439
2022-09-19,286.2321,-0.6583,27.69,5.656803020162104,0.007756953594704186
2022-09-20,283.9506,0.2382,25.65,5.648800279369281,-0.008002740792822927
2022-09-21,278.8661,-0.2689,28.03,5.630731738303499,-0.01806854106578193
2022-09-22,275.4339,-1.0374,28.16,5.618347672401066,-0.012384065902432795
2022-09-23,270.9494,-1.7076,27.68,5.601932087578965,-0.01641558482210126
2022-09-26,269.8282,-0.3252,31.74,5.597785460179676,-0.004146627399289393
2022-09-27,269.9365,-0.3336,31.2,5.598186746152817,0.00040128597314126324
2022-09-28,275.3061,0.2768,34.5,5.617883569549289,0.019696823396471608
2022-09-29,267.3696,-1.9425,31.67,5.588631970845184,-0.02925159870410443
2022-09-30,262.836,-2.0525,31.61,5.571530263530058,-0.017101707315125836
2022-10-03,269.0022,-1.085,33.0,5.594719558007058,0.023189294476999578
2022-10-04,277.4598,-0.4488,29.52,5.625676057827696,0.030956499820637973
2022-10-05,277.3123,1.1474,29.36,5.625144307930845,-0.0005317498968508971
2022-10-06,275.1291,-0.6385,28.6,5.617240442052716,-0.007903865878128968
2022-10-07,264.6455,-1.831,30.37,5.578391194569788,-0.038849247482928284
2022-10-10,262.0,-2.5528,32.93,5.568344503761097,-0.010046690808691139
2022-10-11,258.4006,-0.9469,33.56,5.554511093887175,-0.013833409873921454
2022-10-12,258.3121,-0.3598,33.54,5.5541685437587756,-0.0003425501283995658
2022-10-13,264.3702,-1.859,33.6,5.577350393607351,0.02318184984857563
2022-10-14,256.4239,0.8953,31.89,5.5468319344309345,-0.030518459176416712
2022-10-17,264.8914,-1.146,32.27,5.579319930669859,0.03248799623892484
2022-10-18,266.9861,-0.9829,31.1,5.587196597119991,0.007876666450131964
2022-10-19,266.0125,0.5901,30.94,5.58354330015879,-0.0036532969612013133
2022-10-20,264.6553,-1.3438,31.3,5.578428224553498,-0.005115075605291786
2022-10-21,270.8608,-2.7676,30.21,5.6016050357782055,0.023176811224707272
2022-10-24,273.8407,-1.6946,30.65,5.612546550455882,0.010941514677676345
2022-10-25,279.5054,-0.2594,29.8,5.63302161262319,0.02047506216730799
2022-10-26,273.3293,1.6842,28.44,5.610677295383756,-0.022344317239434197
2022-10-27,268.3531,-0.9941,27.51,5.592303650633624,-0.018373644750131923
2022-10-28,276.5649,-0.0322,27.43,5.622445513130697,0.03014186249707329
2022-10-31,273.349,-1.2347,26.91,5.610749367020799,-0.011696146109898109
2022-11-01,270.556,-0.4023,25.96,5.6004791008895936,-0.010270266131205297
2022-11-02,261.2821,-2.0236,26.04,5.565600666544418,-0.03487843434517579
2022-11-03,256.1779,0.673,25.98,5.545872125008161,-0.019728541536256472
2022-11-04,260.2986,0.0729,25.63,5.561829433576529,0.015957308568367523
2022-11-07,263.1604,-1.3933,25.67,5.572763732204482,0.010934298627953254
2022-11-08,265.0782,-0.1968,24.71,5.580024876794074,0.007261144589591595
2022-11-09,258.9612,-0.1658,25.34,5.556678243527549,-0.02334663326652464
2022-11-10,278.0696,-1.6196,26.51,5.627871442068105,0.07119319854055561
2022-11-11,283.1933,0.6694,23.89,5.646129703347615,0.018258261279510357
2022-11-14,280.715,-1.2239,23.99,5.637339919774073,-0.00878978357354221
2022-11-15,284.5996,-1.2117,23.77,5.651083280173387,0.013743360399313787
2022-11-16,280.715,0.0151,24.29,5.637339919774073,-0.013743360399313787
2022-11-17,280.0954,-0.8706,24.05,5.635130259425032,-0.0022096603490409095
2022-11-18,280.1053,0.275,24.03,5.635165603900686,3.5344475653786844e-05
2022-11-21,277.2238,-1.5221,24.05,5.624825122215969,-0.010340481684716352
2022-11-22,281.2166,-2.6877,22.59,5.639125190911075,0.014300068695106027
2022-11-23,284.039,-1.9434,21.49,5.649111552676798,0.009986361765722762
2022-11-25,282.1706,-0.452,20.61,5.642511852559842,-0.006599700116955987
2022-11-28,278.0302,-1.4419,22.09,5.627729740884015,-0.014782111675827103
2022-11-29,275.9256,-2.7211,22.09,5.620131264160524,-0.007598476723490677
2022-11-30,288.5039,1.1994,21.7,5.664708604054358,0.04457733989383339
2022-12-01,288.8579,-2.6759,20.83,5.66593487168883,0.001226267634471867
2022-12-02,287.7073,-0.9941,20.42,5.661943643888708,-0.003991227800121955
2022-12-05,282.8786,-2.2468,20.3,5.6450178303420095,-0.016925813546698087
2022-12-06,277.0172,-1.4475,20.69,5.62407959812241,-0.02093823221959923
2022-12-07,275.8863,-3.4766,22.32,5.619988824318011,-0.004090773804398928
2022-12-08,279.1513,-2.1104,22.81,5.631753928739973,0.011765104421961325
2022-12-09,277.3713,-0.3741,22.55,5.625357041821743,-0.006396886918230038
2022-12-12,280.8527,-0.7774,24.4,5.637830332605009,0.012473290783266755
2022-12-13,283.8719,-0.9326,25.24,5.648523080066668,0.010692747461658492
2022-12-14,281.7673,-1.3105,22.83,5.6410815529869485,-0.007441527079719457
2022-12-15,272.3066,-0.1908,21.52,5.606928637358803,-0.034152915628145486
2022-12-16,269.7102,-0.226,23.26,5.597348049230312,-0.009580588128491385
2022-12-19,265.9199,0.9021,22.63,5.583195135614065,-0.01415291361624682
2022-12-20,265.7128,-2.0903,23.17,5.582416026238453,-0.0007791093756122081
2022-12-21,269.5673,-0.8323,21.25,5.596818080880641,0.014402054642188133
2022-12-22,262.9723,-3.2665,20.08,5.5720487034369715,-0.02476937744366925
2022-12-23,263.5638,-0.7804,22.17,5.5742954639110245,0.0022467604740530334
2022-12-27,259.8375,-0.4328,21.67,5.560056435621609,-0.014239028289415145
2022-12-28,256.4069,-0.7906,21.47,5.5467656357608615,-0.013290799860747882
2022-12-29,262.6569,-1.3376,22.25,5.570848617757357,0.02408298199649561
2022-12-30,262.4991,-3.0733,21.83,5.570247653454373,-0.000600964302984508
2023-01-03,260.7247,-1.8711,23.09,5.563465061368969,-0.006782592085403216
2023-01-04,261.9668,-0.3105,22.93,5.568217778174497,0.00475271680552769
2023-01-05,257.8658,2.0302,22.2,5.552439294555296,-0.015778483619200756
2023-01-06,264.9833,0.6131,22.69,5.5796668051325256,0.027227510577229275
2023-01-09,266.6986,1.3455,21.75,5.586119181830359,0.006452376697833273
2023-01-10,268.9561,-1.7404,22.22,5.594548169257733,0.008428987427373968
2023-01-11,273.6091,0.105,20.8,5.6117004454292045,0.017152276171471748
2023-01-12,275.0878,0.3105,21.56,5.617090319437152,0.005389874007947881
2023-01-13,276.9805,-1.8861,19.0,5.6239471065974325,0.006856787160280042
2023-01-17,277.5424,-2.2081,19.89,5.625973714307652,0.0020266077102197855
2023-01-18,273.9344,-0.3151,19.28,5.612888661665076,-0.013085052642575867
2023-01-19,271.2432,0.893,20.43,5.603015835416009,-0.009872826249067046
2023-01-20,278.6663,-0.7966,20.28,5.630015008626253,0.026999173210243477
2023-01-23,284.8571,-1.2044,20.21,5.651987651015105,0.021972642388852215
2023-01-24,284.2755,-2.7764,19.89,5.649943838369499,-0.00204381264560638
2023-01-25,283.6445,0.6846,19.56,5.647721693491161,-0.0022221448783374953
2023-01-26,289.1749,-0.2668,19.05,5.667031695370046,0.019310001878884542
2023-01-27,292.0534,-1.3183,18.9,5.676936662260703,0.009904966890657008
2023-01-30,286.1485,-2.4086,19.76,5.656510906835431,-0.02042575542527203
2023-01-31,290.4367,-0.8786,20.12,5.671385652376157,0.014874745540726764
2023-02-01,296.6473,-0.3889,19.62,5.692543891028309,0.021158238652151162
2023-02-02,307.2939,-0.6092,17.74,5.727804618630275,0.0352607276019663
2023-02-03,301.8326,-0.9693,18.57,5.7098725590554995,-0.017932059574775394
2023-02-06,299.2793,-0.5398,19.23,5.701377251090349,-0.00849530796515019
2023-02-07,305.48,-1.0277,19.54,5.721884310020183,0.020507058929833732
2023-02-08,300.0483,1.7239,18.88,5.703943461697092,-0.017940848323091174
2023-02-09,297.3964,0.4552,19.24,5.695065929043577,-0.008877532653515097
2023-02-10,295.4446,-3.0232,20.74,5.688481340420389,-0.0065845886231876705
2023-02-13,300.1765,0.2693,21.66,5.70437063498933,0.01588929456894128
2023-02-14,302.3945,0.982,20.72,5.7117324563092895,0.007361821319959105
2023-02-15,304.7112,-1.6013,19.37,5.719364442782485,0.007631986473195518
2023-02-16,298.9935,-2.0479,18.26,5.700421834023953,-0.0189426087585316
2023-02-17,296.8839,-0.6569,20.94,5.693341153286914,-0.00708068073703938
2023-02-21,289.8551,-0.1628,21.8,5.669381142938864,-0.023960010348050176
2023-02-22,290.072,-1.1803,23.03,5.670129168027237,0.0007480250883729056
2023-02-23,292.6055,0.3523,21.96,5.678825285401844,0.008696117374607404
2023-02-24,287.706,-1.204,21.35,5.66193912539739,-0.01688616000445453
2023-02-27,289.7663,0.255,21.99,5.669074736030166,0.007135610632776235
2023-02-28,289.3918,-1.4545,21.3,5.667781479310813,-0.0012932567193528755
2023-03-01,287.0652,-1.2904,20.39,5.6597093676590235,-0.008072111651789449
2023-03-02,289.441,-0.7587,21.41,5.6679514765885015,0.008242108929477965
2023-03-03,295.4248,-2.0491,19.76,5.688414320534074,0.020462843945572295
2023-03-06,295.7601,-2.0009,19.05,5.689548652740302,0.0011343322062282724
2023-03-07,292.1323,-1.6251,18.64,5.6772067818493195,-0.012341870890982598
2023-03-08,293.5913,-2.3603,19.71,5.682188664148731,0.004981882299411211
2023-03-09,288.5045,-2.7387,19.33,5.664710683746785,-0.017477980401945814
2023-03-10,284.4529,-0.7729,23.34,5.650567686258063,-0.014142997488721498
2023-03-13,286.5625,-1.1527,24.05,5.6579566624507835,0.007388976192720165
2023-03-14,293.1476,-3.5993,26.85,5.680676236441695,0.02271957399091118
2023-03-15,294.6855,-1.3716,23.21,5.685908685954269,0.005232449512574178
2023-03-16,302.4536,-4.0482,26.19,5.711927877275936,0.026019191321666746
2023-03-17,301.0242,0.0833,22.92,5.707190660188172,-0.004737217087763312
2023-03-20,302.0926,0.3696,27.77,5.710733592892349,0.0035429327041764935
2023-03-21,306.4071,0.0937,24.16,5.724914609921722,0.014181017029373244
2023-03-22,302.2406,-1.1909,21.8,5.7112233889285715,-0.013691220993150566
2023-03-23,305.8246,-0.5816,21.54,5.723011734994579,0.011788346066007094
2023-03-24,306.9501,-3.2521,22.11,5.726685193659411,0.003673458664832374
2023-03-27,304.8472,1.8203,22.05,5.719810667466638,-0.006874526192772734
2023-03-28,303.228,0.5774,20.53,5.714484997789337,-0.0053256696773011925
2023-03-29,308.7569,-0.3626,19.39,5.732554235870608,0.01806923808127081
2023-03-30,311.6795,2.471,19.12,5.741975416243438,0.009421180372830129
2023-03-31,316.8629,-4.137,19.21,5.758469188212027,0.016493771968589144
2023-04-03,316.0928,-2.8279,19.79,5.756035841360134,-0.0024333468518928925
2023-04-04,315.0265,-1.4808,18.79,5.752656762271283,-0.0033790790888508226
2023-04-05,311.9164,-1.9281,19.42,5.742735203186862,-0.009921559084421716
2023-04-06,314.0194,1.1208,19.3,5.749454767439226,0.006719564252364307
2023-04-10,313.8417,-0.6825,19.39,5.748888718659504,-0.0005660487797216618
2023-04-11,311.8276,-0.0292,19.08,5.742450470987114,-0.006438247672390318
2023-04-12,309.0729,0.4567,19.38,5.733577171402546,-0.008873299584568173
2023-04-13,315.1252,0.5426,18.83,5.752970020176665,0.019392848774119287
2023-04-14,314.5328,-2.0838,17.94,5.751088363230229,-0.001881656946435939
2023-04-17,314.7994,0.0725,17.58,5.751935610569386,0.0008472473391565316
2023-04-18,314.8191,-0.5709,16.94,5.751998188146145,6.257757675953712e-05
2023-04-19,314.6711,0.9723,17.3,5.751527966361193,-0.0004702217849521517
2023-04-20,312.2719,0.0449,16.85,5.7438742826551525,-0.007653683706040582
2023-04-21,312.5977,-0.0364,17.51,5.744917060314755,0.0010427776596024785
2023-04-24,311.946,-2.5392,18.22,5.742830095906866,-0.002086964407888914
2023-04-25,306.0616,-0.4578,17.62,5.72378638888235,-0.019043707024516188
2023-04-26,307.9177,-1.0042,18.66,5.729832539475004,0.006046150592654342
2023-04-27,316.2903,0.1024,18.43,5.756660462753151,0.026827923278146315
2023-04-28,318.4723,1.0621,17.21,5.763535501057409,0.006875038304258396
2023-05-01,318.1069,-1.1747,16.41,5.762387489811892,-0.001148011245517111
2023-05-02,315.3326,-0.3674,16.27,5.753627954799669,-0.008759535012222486
2023-05-03,313.269,-1.144,17.82,5.747062246366141,-0.006565708433527995
2023-05-04,312.1633,-1.7316,19.17,5.743526448320717,-0.0035357980454246984
2023-05-05,318.7981,-2.2409,19.5,5.764557987048865,0.021031538728148114
2023-05-08,319.588,1.2293,17.73,5.767032666253549,0.002474679204683916
2023-05-09,317.5639,-1.2789,17.29,5.760679057925221,-0.0063536083283279865
2023-05-10,321.0196,-1.3423,17.58,5.771502180456011,0.010823122530790208
2023-05-11,322.0661,-0.4353,16.8,5.7747568039805595,0.0032546235245485278
2023-05-12,320.9109,-0.8336,16.83,5.77116351450685,-0.0035932894737094045
2023-05-15,322.6487,-0.1965,17.44,5.776564115239996,0.005400600733145744
2023-05-16,323.014,-1.5235,17.54,5.777695665936599,0.0011315506966029787
2023-05-17,326.9238,-2.1407,17.96,5.7897271162191855,0.012031450282586675
2023-05-18,332.9959,-4.1137,16.92,5.808130177592334,0.01840306137314851
2023-05-19,332.2455,-0.6419,16.13,5.805874153483575,-0.002256024108758581
2023-05-22,333.3612,-1.4682,17.45,5.809226586819742,0.003352433336166527
2023-05-23,329.1354,-0.6098,17.35,5.796469216253812,-0.012757370565929627
2023-05-24,327.4471,-2.2404,18.8,5.791326515310904,-0.0051427009429083625
2023-05-25,335.4148,-1.7611,19.54,5.815367974831786,0.024041459520882213
2023-05-26,343.9848,0.0554,19.07,5.840597470350654,0.025229495518868106
2023-05-30,345.5447,1.6553,17.56,5.845122012552609,0.004524542201954418
2023-05-31,343.58,0.2517,18.04,5.8394199811983,-0.005702031354308801
2023-06-01,347.549,-1.2699,17.24,5.850905662258511,0.011485681060211306
2023-06-02,350.1556,-0.9916,15.65,5.858377627119433,0.007471964860921609
2023-06-05,350.4024,1.242,15.28,5.859082208353849,0.0007045812344159685
2023-06-06,350.3432,-1.6166,14.91,5.858913245465916,-0.00016896288793244452
2023-06-07,344.3995,0.8547,14.14,5.841802320752289,-0.017110924713627185
2023-06-08,348.6746,-1.7735,14.14,5.854139109043985,0.012336788291696266
2023-06-09,350.0075,0.0956,13.78,5.8579545828252995,0.0038154737813140827
2023-06-12,355.9216,-1.2343,14.44,5.874710481879905,0.016755899054605727
2023-06-13,358.6565,0.4982,14.99,5.882365105926965,0.007654624047059855
2023-06-14,361.263,0.0584,14.48,5.889606224938325,0.007241119011360375
2023-06-15,365.5678,-2.1716,14.09,5.901451761302968,0.011845536364642584
2023-06-16,363.2673,-0.6759,14.49,5.8951389269185315,-0.0063128343844365276
2023-06-20,362.7473,-1.0663,14.36,5.893706448593937,-0.0014324783245944772
2023-06-21,357.8039,-1.7283,13.88,5.879985070959318,-0.013721377634619003
2023-06-22,362.0255,-2.1717,13.88,5.891714651333801,0.011729580374482573
2023-06-23,358.4366,-1.8224,13.24,5.8817517964225425,-0.009962854911258034
2023-06-26,353.6316,1.1857,14.43,5.868255693286376,-0.013496103136166226
2023-06-27,359.712,0.8755,14.11,5.885303711279387,0.01704801799301059
2023-06-28,360.414,0.8662,13.9,5.887253370706677,0.0019496594272903067
2023-06-29,359.6922,-1.7795,13.64,5.88524866572918,-0.0020047049774971626
2023-06-30,365.2388,-0.7,13.51,5.900551386231845,0.01530272050266479
2023-07-03,366.099,-1.8511,13.85,5.902903788628333,0.0023524023964878182
2023-07-05,366.089,1.4644,14.19,5.902876473239387,-2.731538894540364e-05
2023-07-06,363.3009,-0.8819,14.85,5.895231416515583,-0.007645056723804444
2023-07-07,362.0947,1.74,15.97,5.891905779823824,-0.003325636691759115
2023-07-10,362.2133,-1.8905,16.08,5.892233264819323,0.0003274849954992831
2023-07-11,364.0029,-1.7235,15.02,5.897161834637971,0.0049285698186478655
2023-07-12,368.6003,-2.209,14.82,5.909712859125788,0.012551024487817308
2023-07-13,374.8586,0.1975,13.44,5.926548888196233,0.016836029070445235
2023-07-14,374.7795,-1.3485,13.72,5.926337853030615,-0.00021103516561815638
2023-07-17,378.2794,-1.4095,13.78,5.935633076019375,0.009295222988759733
2023-07-18,381.374,-0.1753,13.61,5.943780520942278,0.008147444922903091
2023-07-19,381.285,-2.2614,13.32,5.943547126986647,-0.000233393955631378
2023-07-20,372.4957,-0.6639,13.96,5.920225494128825,-0.023321632857821406
2023-07-21,371.3784,-0.6825,13.87,5.917221488907474,-0.003004005221351136
2023-07-24,371.9716,0.6988,14.29,5.918817507272767,0.0015960183652925508
2023-07-25,374.4928,-1.743,14.02,5.92557257713828,0.006755069865513441
2023-07-26,373.247,-2.3138,13.86,5.9222403988786265,-0.0033321782596535954
2023-07-27,372.3573,-0.659,13.14,5.919853877174627,-0.0023865217039995557
2023-07-28,379.1396,-2.1742,14.03,5.9379044749936085,0.01805059781898155
2023-07-31,379.3374,1.9504,13.98,5.938426046523092,0.000521571529483289
2023-08-01,378.4574,0.5281,13.75,5.93610351700568,-0.002322529517411631
2023-08-02,370.1525,3.4143,15.7,5.91391508288494,-0.02218843412074012
2023-08-03,369.5593,3.5672,16.77,5.912311214656363,-0.0016038682285772765
2023-08-04,367.829,0.1415,16.01,5.907618156261509,-0.0046930583948538995
2023-08-07,370.9434,-2.181,16.9,5.916049490321976,0.008431334060467144
2023-08-08,367.7895,-0.037,16.28,5.907510763638735,-0.008538726683241293
2023-08-09,363.7458,-0.9763,15.81,5.896455272027289,-0.01105549161144559
2023-08-10,364.4182,-1.5009,15.58,5.898302109253845,0.0018468372265560973
2023-08-11,362.0947,0.2933,15.53,5.891905779823824,-0.006396329430021552
2023-08-14,366.1583,-0.4351,15.88,5.903065753555496,0.011159973731672324
2023-08-15,362.2727,-0.5013,14.95,5.892397243143633,-0.010668510411862897
2023-08-16,358.4366,-1.2898,16.54,5.8817517964225425,-0.010645446721090579
2023-08-17,354.5214,0.7726,16.96,5.870768710863866,-0.010983085558676109
2023-08-18,354.0765,-0.2727,17.8,5.869512991482082,-0.0012557193817848145
2023-08-21,359.7812,0.3535,18.03,5.8854960689005935,0.015983077418511904
2023-08-22,359.2671,2.037,16.96,5.884066122991257,-0.0014299459093365385
2023-08-23,364.9323,0.0569,16.64,5.899711856926996,0.01564573393573898
2023-08-24,357.1315,-2.8797,15.57,5.878104061295348,-0.021607795631648052
2023-08-25,359.8998,-0.5219,17.21,5.885825659374912,0.007721598079563741
2023-08-28,362.6089,-0.3978,16.24,5.893324842972644,0.007499183597732717
2023-08-29,370.5281,0.0696,15.08,5.914929285314963,0.021604442342318286
2023-08-30,372.5945,2.6806,14.53,5.9204906969205915,0.005561411605628841
2023-08-31,373.7117,-1.0333,13.98,5.923484644537595,0.002993947617003556
2023-09-01,373.3163,-2.3017,13.56,5.922426049580179,-0.0010585949574162257
2023-09-05,373.7909,3.3315,14.15,5.9236965501558405,0.0012705005756616927
2023-09-06,370.4985,-0.6298,14.27,5.91484939614495,-0.008847154010890534
2023-09-07,367.8488,0.8594,14.81,5.907671984173686,-0.0071774119712637585
2023-09-08,368.3629,0.2261,14.22,5.909068593555372,0.0013966093816861758
2023-09-11,372.7033,0.0298,14.17,5.920782660752426,0.011714067197053701
2023-09-12,368.5706,-0.2939,14.02,5.909632280795807,-0.011150379956618828
2023-09-13,369.9745,-0.8702,14.42,5.913434084344333,0.003801803548525662
2023-09-14,372.9999,-0.0399,13.39,5.921578151547265,0.008144067202931815
2023-09-15,366.613,-3.0402,12.7,5.904306795769786,-0.017271355777478625
2023-09-18,366.9952,-1.1404,14.4,5.905348768949966,0.0010419731801798449
2023-09-19,366.213,0.5533,14.11,5.903215131337235,-0.0021336376127312207
2023-09-20,360.9357,0.5564,14.18,5.888699826124791,-0.01451530521244404
2023-09-21,354.3217,2.9576,15.49,5.870205257526215,-0.01849456859857579
2023-09-22,354.3712,-0.9317,17.31,5.870344951320467,0.00013969379425216033
2023-09-25,356.0544,-0.064,17.25,5.87508352816669,0.004738576846222919
2023-09-26,350.7078,-3.1529,18.03,5.859953398130622,-0.015130130036068223
2023-09-27,351.5297,-1.5522,18.29,5.862294202702554,0.002340804571931976
2023-09-28,354.4703,-0.5251,18.22,5.8706245624906535,0.008330359788099706
2023-09-29,354.7277,-0.9898,16.87,5.871350452894468,0.0007258904038147662
2023-10-02,357.6881,-0.7662,17.31,5.879661377609815,0.008310924715346779
2023-10-03,351.4108,-0.6712,17.81,5.861955909486744,-0.017705468123071277
2023-10-04,356.1931,-0.1486,20.72,5.875472999528129,0.013517090041385238
2023-10-05,355.1436,0.7019,18.67,5.872522214726752,-0.0029507848013770044
2023-10-06,361.0941,-1.7437,18.73,5.889138589185654,0.016616374458902072
2023-10-09,362.9357,-0.9898,19.54,5.89422568358837,0.0050870944027163745
2023-10-10,364.9457,-0.8361,17.7,5.899748575392278,0.005522891803907193
2023-10-11,367.5497,1.2161,16.95,5.9068585476042825,0.007109972212004934
2023-10-12,366.2724,1.2761,16.08,5.903377318870612,-0.00348122873367096
2023-10-13,361.6684,2.9614,16.53,5.890727769921694,-0.01264954894891801
2023-10-16,365.7575,1.8891,19.1,5.901970545499972,0.011242775578278241
2023-10-17,364.5595,-0.199,17.41,5.8986897754383385,-0.003280770061633298
2023-10-18,359.7773,0.1862,18.36,5.885485228920245,-0.013204546518093885
2023-10-19,356.4109,-0.3754,19.73,5.876084278742902,-0.009400950177342438
2023-10-20,351.094,0.1077,21.59,5.861053993879975,-0.015030284862927346
2023-10-23,352.1534,-0.5932,21.83,5.864066876121383,0.0030128822414079437
2023-10-24,355.5792,0.2191,20.03,5.873748009240572,0.009681133119189056
2023-10-25,346.8761,-1.9005,19.39,5.848967655666842,-0.024780353573730096
2023-10-26,340.2621,-0.1354,21.78,5.82971620298596,-0.019251452680881798
2023-10-27,341.8958,0.0568,20.39,5.83450601227615,0.004789809290190128
2023-10-30,345.7474,1.132,21.13,5.845708450632284,0.011202438356133548
2023-10-31,347.4008,-1.9454,19.86,5.850479156625309,0.004770705993025537
2023-11-01,353.4307,0.6091,18.02,5.867687426514392,0.01720826988908275
2023-11-02,359.8465,0.5987,16.59,5.885677551631676,0.017990125117283817
2023-11-03,364.0744,-2.8344,15.7,5.8973582423552005,0.011680690723524734
2023-11-06,365.5595,-0.2628,15.39,5.9014290566385394,0.004070814283338997
2023-11-07,369.015,0.2008,15.1,5.910837293620826,0.009408236982286766
2023-11-08,369.2527,0.2711,14.91,5.911481233503916,0.0006439398830897503
2023-11-09,366.411,-0.1345,14.61,5.90375565418339,-0.007725579320525533
2023-11-10,374.6488,-0.8387,15.09,5.925989053815734,0.022233399632343165
2023-11-13,373.4805,-1.3413,15.16,5.922865794374602,-0.003123259441131232
2023-11-14,381.5201,-1.1786,14.83,5.944163536099391,0.02129774172478882
2023-11-15,381.8073,0.5666,14.21,5.944916031066956,0.0007524949675650205
2023-11-16,382.134,-1.2034,14.12,5.945771332436096,0.0008553013691399158
2023-11-17,382.2231,1.0603,14.18,5.946004469540216,0.00023313710411976274
2023-11-20,386.8767,-0.614,14.26,5.9581060376133745,0.012101568073158653
2023-11-21,384.6291,-0.7983,13.45,5.952279493318898,-0.005826544294476932
2023-11-22,386.2034,-1.868,13.08,5.9563641736843,0.004084680365401994
2023-11-24,385.6588,-0.1642,13.03,5.9549530407375855,-0.0014111329467141331
2023-11-27,385.3222,0.1596,13.14,5.954079867413246,-0.000873173324339227
2023-11-28,386.3321,-1.2534,12.78,5.956697362259299,0.0026174948460528924
2023-11-29,385.9558,-0.6193,12.71,5.955722855136295,-0.0009745071230042868
2023-11-30,384.9855,0.4606,13.07,5.9532056712408785,-0.0025171838954163306
2023-12-01,386.0846,-1.5529,12.94,5.956056516434836,0.0028508451939570634
2023-12-04,382.5003,-0.3098,13.28,5.946729437580008,-0.00932707885482742
2023-12-05,383.4607,0.7904,13.26,5.949237138372332,0.002507700792324208
2023-12-06,381.2429,-0.9567,12.78,5.943436704797392,-0.0058004335749402
2023-12-07,386.5698,-1.5617,13.17,5.9573124468062355,0.01387574200884334
2023-12-08,388.2925,-2.3198,13.14,5.9617589215884275,0.004446474782191956
2023-12-11,391.6094,-0.9484,13.05,5.970264914454064,0.008505992865636358
2023-12-12,394.7282,-1.5033,12.69,5.978197426784965,0.007932512330901531
2023-12-13,399.7481,-0.1049,12.2,5.990834598732162,0.012637171947196713
2023-12-14,399.4016,1.1666,11.96,5.989967426982704,-0.000867171749457718
2023-12-15,401.3323,2.5395,12.12,5.994789762446511,0.004822335463806837
2023-12-18,403.8601,0.4283,12.62,6.001068530861204,0.00627876841469277
2023-12-19,405.9237,0.9374,12.6,6.006165210906,0.005096680044796464
2023-12-20,399.8918,0.4278,12.63,5.991194010516258,-0.0149712003897422
2023-12-21,404.5447,-1.9605,13.4,6.002762237191637,0.01156822667537849
2023-12-22,405.1498,-0.3027,13.72,6.004256875262283,0.0014946380706462037
2023-12-26,407.6301,0.9209,13.77,6.010360145530755,0.006103270268472016
2023-12-27,408.4599,0.6071,13.02,6.012393745466968,0.00203359993621266
2023-12-28,408.2614,-0.7844,12.44,6.011907655526841,-0.0004860899401268881
2023-12-29,406.4945,-2.5045,12.55,6.007570398761031,-0.0043372567658099825
2024-01-02,399.6157,-1.265,13.22,5.9905033352918835,-0.017067063469147215
2024-01-03,395.3872,-0.9525,13.35,5.979865537931289,-0.010637797360594448
2024-01-04,393.3524,-2.456,13.93,5.974705902193017,-0.005159635738271717
2024-01-05,393.8189,-1.2622,14.24,5.97589115895889,0.0011852567658729996
2024-01-08,401.9583,0.2716,14.0,5.99634835189527,0.020457192936379265
2024-01-09,402.7524,-1.1739,13.2,5.998321981070986,0.001973629175716418
2024-01-10,405.4821,-2.3196,12.86,6.005076729547843,0.0067547484768573085
2024-01-11,406.3258,-0.4489,12.64,6.0071553008545875,0.002078571306744159
2024-01-12,406.5342,0.6567,12.66,6.007668058290225,0.0005127574356373898
2024-01-16,406.4945,0.1686,14.12,6.007570398761031,-9.765952919416065e-05
2024-01-17,404.2016,0.0491,14.59,6.001913763398104,-0.005656635362926821
2024-01-18,409.9389,-0.8616,14.85,6.016008124202872,0.014094360804768336
2024-01-19,418.0684,-1.2769,13.8,6.035645055501424,0.019636931298551374
2024-01-22,418.6143,0.7225,13.77,6.036949970919093,0.0013049154176689726
2024-01-23,420.3514,-0.1473,13.2,6.041091028133628,0.00414105721453506
2024-01-24,422.6841,-1.3973,12.66,6.046625091535248,0.00553406340162077
2024-01-25,423.2002,-0.8771,13.18,6.04784535313377,0.0012202615985215104
2024-01-26,420.679,-1.8237,13.73,6.041870072545265,-0.005975280588504717
2024-01-29,424.9869,0.1526,13.98,6.05205834491995,0.010188272374684892
2024-01-30,422.158,0.1857,13.69,6.045379651545921,-0.006678693374029265
2024-01-31,413.8895,-2.2852,13.42,6.0255990299864175,-0.01978062155950333
2024-02-01,418.7633,0.9928,14.21,6.03730584382893,0.011706813842512709
2024-02-02,425.8405,-2.2226,13.95,6.054064863013728,0.016759019184798163
2024-02-05,425.2847,-0.0531,14.37,6.0527588270063255,-0.0013060360074028665
2024-02-06,424.431,0.6497,13.57,6.0507494483700555,-0.0020093786362700428
2024-02-07,428.7986,0.6622,13.06,6.0609873448258895,0.010237896455834061
2024-02-08,429.5927,-1.2333,12.95,6.0628375504990695,0.0018502056731799499
2024-02-09,433.8211,-0.513,12.79,6.0726322371361245,0.009794686637055072
2024-02-12,432.1238,-0.5303,13.48,6.068712121263678,-0.003920115872446672
2024-02-13,425.3839,0.0366,13.96,6.052992055317444,-0.015720065946234207
2024-02-14,430.0195,-0.2099,15.38,6.0638305564965895,0.010838501179145865
2024-02-15,431.3,1.376,14.27,6.066803903653797,0.002973347157207762
2024-02-16,427.389,-0.2609,13.94,6.057694605539338,-0.00910929811445893
2024-02-20,424.1631,-1.1956,15.09,6.050118051076814,-0.007576554462524143
2024-02-21,422.4657,-1.931,15.54,6.0461082600697225,-0.004009791007091756
2024-02-22,434.8336,-1.5448,14.28,6.074963429170271,0.02885516910054875
2024-02-23,433.5531,-0.8377,14.31,6.0720142800686245,-0.0029491491016466753
2024-02-26,433.3249,-1.6723,14.17,6.071487793053679,-0.0005264870149455092
2024-02-27,434.3671,-0.7418,13.63,6.07389002910331,0.002402236049631412
2024-02-28,432.0543,-3.9385,13.52,6.06855127478967,-0.0053387543136400595
2024-02-29,435.7567,4.0243,14.14,6.077084060070794,0.008532785281123445
2024-03-01,442.3179,-0.0908,13.34,6.09202885432443,0.01494479425363604
2024-03-04,440.7397,-1.8369,13.49,6.088454451747966,-0.0035744025764641307
2024-03-05,432.8285,-0.3124,13.75,6.070341575641502,-0.01811287610646417
2024-03-06,435.5483,-0.473,14.27,6.076605697146275,0.006264121504773179
2024-03-07,442.1591,-3.811,14.98,6.09166977206066,0.01506407491438555
2024-03-08,435.7766,-0.3852,14.22,6.077129726713717,-0.014540045346943309
2024-03-11,434.1587,-0.6746,15.51,6.073410135462846,-0.003719591250870735
2024-03-12,440.3823,0.5994,14.97,6.087643213305161,0.014233077842314756
2024-03-13,436.9975,-1.8711,13.89,6.0799274742554275,-0.00771573904973355
2024-03-14,435.8958,0.5878,13.62,6.077403223960488,-0.002524250294939634
2024-03-15,430.7143,-2.2965,14.33,6.065444993273468,-0.011958230687019622
2024-03-18,434.8222,-3.0095,14.75,6.0749372119013225,0.00949221862785432
2024-03-19,435.9055,-1.7572,14.5,6.0774254767375835,0.002488264836260967
2024-03-20,441.0739,-1.3742,13.83,6.089212435104088,0.01178695836650423
2024-03-21,443.1612,-1.0012,12.98,6.093933586474422,0.00472115137033402
2024-03-22,443.6681,-1.1252,12.92,6.095076760375427,0.0011431739010054898
2024-03-25,442.058,0.6748,13.67,6.091441095188339,-0.003635665187088577
2024-03-26,440.6267,-3.6354,13.12,6.088198031715119,-0.003243063473219898
2024-03-27,442.1275,-0.9146,13.13,6.091598302019129,0.0034002703040103555
2024-03-28,441.3125,-3.1132,12.93,6.089753241276566,-0.001845060742563298
2024-04-01,442.2468,-0.2361,13.61,6.091868097287318,0.0021148560107517866
2024-04-02,438.4301,-0.2463,13.74,6.083200392036025,-0.008667705251292901
2024-04-03,439.4141,0.2158,15.0,6.085442248648224,0.0022418566121995553
2024-04-04,432.6952,0.2324,14.29,6.070033554033188,-0.015408694615036467
2024-04-05,437.794,1.1838,16.45,6.081748480106773,0.011714926073585374
2024-04-08,437.9232,-1.7083,16.24,6.082043552536406,0.00029507242963244806
2024-04-09,439.5433,-0.908,15.34,6.085736233318996,0.0036926807825903296
2024-04-10,435.7068,-0.8449,15.24,6.076969540070691,-0.008766693248304591
2024-04-11,442.6642,-1.036,16.02,6.092811469063587,0.015841928992895937
2024-04-12,435.6074,-0.1979,14.91,6.076741378976952,-0.01607009008663507
2024-04-15,428.4412,0.7568,16.94,6.060153505751437,-0.01658787322551536
2024-04-16,428.481,-0.685,19.49,6.060246396331301,9.289057986450189e-05
2024-04-17,423.2529,-1.5687,18.24,6.04796987273224,-0.012276523599060951
2024-04-18,420.8377,0.0426,17.91,6.042247248665197,-0.005722624067043824
2024-04-19,412.1308,-1.1996,21.33,6.021340774692926,-0.020906473972270412
2024-04-22,416.2756,-1.9606,18.59,6.031347540905015,0.010006766212089069
2024-04-23,422.4876,0.2956,16.72,6.046160097254109,0.014812556349093953
2024-04-24,423.9189,-1.2526,15.76,6.049542163351927,0.003382066097818104
2024-04-25,421.8714,-1.9116,16.25,6.044700528257052,-0.00484163509487523
2024-04-26,428.3816,-1.3209,15.49,6.060014387137655,0.015313858880602993
2024-04-29,430.1209,-2.123,15.37,6.064066331959456,0.004051944821800824
2024-04-30,422.0105,-0.3058,14.82,6.04503019524306,-0.019036136716396257
2024-05-01,418.9591,-1.8457,15.75,6.037773301792488,-0.0072568934505712335
2024-05-02,424.3065,-0.2987,15.14,6.050456071440456,0.01268276964796744
2024-05-03,432.8344,0.8342,14.51,6.070355206813636,0.019899135373179888
2024-05-06,437.5753,-0.6892,13.98,6.081248805273419,0.010893598459783327
2024-05-07,437.6449,-0.6167,13.52,6.081407850963056,0.00015904568963698296
2024-05-08,437.3865,-0.641,13.24,6.080817243568828,-0.0005906073942281154
2024-05-09,438.3407,1.5125,13.08,6.082996461886185,0.0021792183173570123
2024-05-10,439.3744,1.7668,12.77,6.085351896987895,0.0023554351017098796
2024-05-13,440.3881,0.9377,13.26,6.087656383593354,0.002304486605459566
2024-05-14,443.2209,-0.8318,13.71,6.0940682913609265,0.006411907767572167
2024-05-15,450.1485,-0.6025,13.73,6.109577528326342,0.015509236965415063
2024-05-16,449.2341,-0.9188,12.52,6.107544132716812,-0.0020333956095299754
2024-05-17,449.0154,-1.7735,12.28,6.107057185595056,-0.00048694712175567645
2024-05-20,452.1463,0.3451,12.27,6.114005800027938,0.006948614432881861
2024-05-21,453.0309,-2.6071,12.3,6.1159603350772365,0.0019545350492986557
2024-05-22,452.9414,-0.498,12.05,6.115762757291931,-0.0001975777853058247
2024-05-23,450.9039,-1.1003,11.53,6.111254234757563,-0.0045085225343672874
2024-05-24,455.1678,0.61,12.86,6.120666142172978,0.009411907415414866
2024-05-28,456.8873,1.3235,12.51,6.124436752166275,0.003770609993297036
2024-05-29,453.667,-0.5446,13.75,6.117363448736944,-0.0070733034293315455
2024-05-30,448.8067,-0.7178,14.82,6.106592282795807,-0.010771165941136474
2024-05-31,447.9718,0.1224,14.5,6.104730284005204,-0.0018619987906030033
2024-06-03,450.3771,-1.7027,13.08,6.1100852318384025,0.005354947833198231
2024-06-04,451.6096,1.8211,13.51,6.112818089799785,0.002732857961382784
2024-06-05,460.7139,-1.5117,13.14,6.132777242964907,0.019959153165121535
2024-06-06,460.5549,-0.901,12.75,6.132432066830474,-0.0003451761344326343
2024-06-07,460.1474,2.0433,12.69,6.131546872937489,-0.0008851938929854697
2024-06-10,462.006,0.1554,13.09,6.135577878010396,0.004031005072906879
2024-06-11,465.1766,1.2731,12.85,6.142417118433545,0.0068392404231492065
2024-06-12,471.2694,-0.9134,13.1,6.155429905023632,0.013012786590087089
2024-06-13,473.8238,-1.734,12.05,6.160835522628563,0.005405617604931301
2024-06-14,476.2788,2.0246,12.22,6.166003397053471,0.005167874424907737
2024-06-17,482.1131,-0.6088,13.07,6.178178733828132,0.012175336774661538
2024-06-18,482.2622,-3.1574,12.7,6.178487949547755,0.00030921571962228
2024-06-20,478.545,-2.4072,12.5,6.170750250358307,-0.0077376991894473335
2024-06-21,477.2628,0.0197,13.22,6.168067282570976,-0.0026829677873312363
2024-06-24,471.8293,-0.4598,13.85,6.15661726763113,-0.011450014939845765
2024-06-25,477.2249,-2.2152,13.48,6.16798786824218,0.01137060061104922
2024-06-26,478.2105,-0.5042,12.81,6.17005101212319,0.0020631438810108094
2024-06-27,479.4449,-0.3861,12.69,6.17262897635467,0.0025779642314791573
2024-06-28,476.9561,-0.8256,12.24,6.1674244531100175,-0.005204523244652037
2024-07-01,479.7535,-0.9832,12.98,6.173272430327586,0.005847977217568356
2024-07-02,484.7908,0.8318,12.67,6.183717457677352,0.010445027349765823
2024-07-03,488.8326,0.7708,12.13,6.192020099577797,0.008302641900445273
2024-07-05,493.9295,-0.1431,12.37,6.20239279445291,0.010372694875113275
2024-07-08,495.1042,-2.4601,12.91,6.204768245466116,0.0023754510132061313
2024-07-09,495.5323,-0.4161,12.48,6.205632538325604,0.0008642928594877475
2024-07-10,500.699,-0.1631,12.51,6.216005122129991,0.010372583804386437
2024-07-11,489.7185,-1.6492,12.88,6.193830736226262,-0.022174385903728222
2024-07-12,492.5956,0.9385,12.87,6.199688553450037,0.005857817223774653
2024-07-15,493.9196,0.4802,12.78,6.202372750905773,0.0026841974557356707
2024-07-16,494.1087,-0.445,13.38,6.2027555334683955,0.00038278256262280763
2024-07-17,479.6042,-1.4206,13.6,6.172961180412762,-0.029794353055633493
2024-07-18,477.3344,-0.0789,14.27,6.1682172934868555,-0.004743886925906438
2024-07-19,473.1035,0.2731,16.44,6.159314180622842,-0.008903112864013352
2024-07-22,480.1517,-0.2334,16.79,6.174102095637956,0.014787915015113562
2024-07-23,478.4594,1.0713,15.21,6.170571358808324,-0.0035307368296315644
2024-07-24,461.2969,1.5748,15.35,6.134041870402457,-0.03652948840586756
2024-07-25,456.2098,-1.0222,18.41,6.122952791425782,-0.011089078976674216
2024-07-26,460.8887,-0.4772,17.97,6.133156582177049,0.010203790751266872
2024-07-29,461.8145,-0.1451,16.59,6.135163295301432,0.0020067131243823866
2024-07-30,455.4732,-1.0125,16.64,6.121336878525613,-0.013826416775819084
2024-07-31,468.9523,0.1529,16.66,6.150501057516968,0.029164178991355705
2024-08-01,457.5936,-0.0993,16.2,6.125981453953797,-0.02451960356317162
2024-08-02,446.7326,-0.0123,20.52,6.101960205323575,-0.024021248630221592
2024-08-05,433.4128,-1.4608,23.39,6.071690622584,-0.030269582739575362
2024-08-06,437.5541,1.9738,33.71,6.081200355295612,0.009509732711612706
2024-08-07,432.8155,1.1552,24.77,6.070311540199678,-0.010888815095934312
2024-08-08,446.0557,-0.6718,28.34,6.100443832114597,0.03013229191491895
2024-08-09,448.3852,0.0581,23.78,6.105652684408862,0.005208852294265043
2024-08-12,449.3508,0.5147,20.79,6.107803874452191,0.0021511900433290876
2024-08-13,460.5005,-0.7274,20.06,6.132313941471102,0.024510067018910675
2024-08-14,460.6498,-0.5765,18.41,6.132638101385738,0.00032415991463619065
2024-08-15,472.2873,0.0502,16.27,6.157587486851781,0.02494938546604253
2024-08-16,472.8945,-1.5203,15.29,6.158872319216369,0.0012848323645879844
2024-08-19,479.1064,-0.3838,15.94,6.171922702180151,0.013050382963782248
2024-08-20,478.101,-1.6138,14.89,6.169822007242503,-0.002100694937647418
2024-08-21,480.3309,-0.8446,16.25,6.17447524139214,0.004653234149636809
2024-08-22,472.7153,1.81,16.27,6.158493304527339,-0.015981936864800872
2024-08-23,477.8421,-1.2196,17.12,6.169280343190888,0.010787038663548465
2024-08-26,473.2031,-1.2991,16.27,6.15952468322394,-0.009755659966947938
2024-08-27,474.6167,-0.5047,16.21,6.162507530908934,0.0029828476849944607
2024-08-28,469.231,-1.7824,15.51,6.151095184503023,-0.011412346405911045
2024-08-29,468.5442,-0.6332,16.54,6.149630440878341,-0.0014647436246821854
2024-08-30,474.1289,2.7006,15.67,6.161479225654114,0.011848784775772891
2024-09-03,459.7339,-1.2264,15.76,6.130647843839167,-0.030831381814946823
2024-09-04,458.5393,0.571,23.2,6.128046002308975,-0.0026018415301924946
2024-09-05,458.9674,0.3203,20.75,6.128979183573082,0.0009331812641075743
2024-09-06,446.6729,-0.6061,21.98,6.101826559403355,-0.027152624169727524
2024-09-09,452.417,-1.9713,21.32,6.114604320901117,0.012777761497762441
2024-09-10,456.5981,-0.5766,19.86,6.123803572895622,0.009199251994504998
2024-09-11,466.5133,-0.1196,19.41,6.145286530063199,0.021482957167576977
2024-09-12,471.0927,-1.8139,17.62,6.155054889937454,0.009768359874255061
2024-09-13,473.2031,-2.5562,17.03,6.15952468322394,0.004469793286485668
2024-09-16,471.1125,-2.8961,17.16,6.1550969189986455,-0.0044277642252943394
2024-09-17,471.3614,-1.3421,17.16,6.155625103398843,0.0005281844001974179
2024-09-18,469.3206,0.3696,17.58,6.151286117000017,-0.00433898639882635
2024-09-19,481.1871,-2.2122,17.21,6.176256175761133,0.024970058761116576
2024-09-20,480.2712,-0.3084,16.35,6.1743509443495315,-0.0019052314116017044
2024-09-23,481.5443,-0.2259,16.71,6.176998231159744,0.0026472868102125346
2024-09-24,483.867,-3.6951,15.87,6.181810075565581,0.004811844405836929
2024-09-25,484.3156,0.0822,15.82,6.182736760329597,0.000926684764015917
2024-09-26,487.9543,0.8162,15.06,6.190221753926958,0.0074849935973615445
2024-09-27,485.2427,-1.7391,15.64,6.184649178144101,-0.005572575782857747
2024-09-30,486.5587,0.2936,17.01,6.187357552107004,0.0027083739629034653
2024-10-01,479.7797,-1.6056,16.96,6.173327040214991,-0.014030511892013209
2024-10-02,480.4576,-1.6819,19.65,6.174738983101652,0.0014119428866612438
2024-10-03,480.0987,1.3559,19.63,6.173991707764014,-0.0007472753376385199
2024-10-04,485.811,-1.201,20.48,6.185819659374711,0.011827951610697163
2024-10-07,480.6071,-1.1783,20.76,6.175050096393412,-0.01076956298129872
2024-10-08,487.7849,-1.7034,22.92,6.1898745299931415,0.014824433599729403
2024-10-09,491.6229,0.321,21.98,6.1977119591944145,0.00783742920127306
2024-10-10,491.0647,-0.6493,20.91,6.196575891007461,-0.0011360681869536648
2024-10-11,491.8323,-2.8855,20.87,6.19813780472996,0.001561913722499142
2024-10-14,495.9594,-1.7689,20.86,6.206494068535927,0.008356263805967323
2024-10-15,489.33,-0.1382,19.61,6.193037108494049,-0.013456960041878574
2024-10-16,489.3899,1.2126,20.77,6.19315951328029,0.00012240478624114814
2024-10-17,489.7288,0.2181,19.55,6.193851768496198,0.0006922552159078776
2024-10-18,492.9388,0.5525,19.3,6.200385028405905,0.006533259909707212
2024-10-21,493.8859,0.84,18.78,6.2023045188499415,0.001919490444036498
2024-10-22,494.4242,0.5316,18.79,6.203393853165621,0.00108933431567948
2024-10-23,486.8477,0.3418,18.21,6.187951343165891,-0.015442509999729737
2024-10-24,490.7955,-0.8475,18.87,6.196027544090567,0.00807620092467598
2024-10-25,493.7862,-1.636,19.22,6.202102629983508,0.0060750858929408125
2024-10-28,493.866,-0.2898,19.11,6.202264225330885,0.0001615953473770304
2024-10-29,498.6112,2.2073,19.75,6.2118266337332795,0.009562408402394418
2024-10-30,494.8429,-0.4703,19.33,6.2042403384576135,-0.007586295275666011
2024-10-31,482.3517,0.6826,21.44,6.178673516022086,-0.025566822435527214
2024-11-01,485.9206,0.9178,22.96,6.186045236067832,0.007371720045745711
2024-11-04,484.505,0.0133,22.5,6.183127751195012,-0.002917484872820175
2024-11-05,490.6859,-1.4799,21.98,6.195804208222041,0.012676457027029464
2024-11-06,504.0144,-2.2896,16.06,6.222604839091785,0.026800630869743713
2024-11-07,511.9497,-0.0379,15.86,6.238226378025928,0.015621538934142976
2024-11-08,512.548,0.6277,15.13,6.239394365163462,0.0011679871375340767
2024-11-11,512.2489,-0.8015,15.33,6.238810639727733,-0.0005837254357290433
2024-11-12,511.3217,-0.7685,15.09,6.236998942022448,-0.001811697705284665
2024-11-13,510.6638,-1.1209,15.09,6.235711448039647,-0.0012874939828009246
2024-11-14,507.1148,-1.8454,14.17,6.22873740794006,-0.006974040099587242
2024-11-15,495.0323,1.5092,15.02,6.204623012965089,-0.02411439497497092
2024-11-18,498.4716,-0.0315,16.6,6.211546616866251,0.006923603901161535
2024-11-19,501.901,-0.0863,15.44,6.218402889087674,0.006856272221423154
2024-11-20,501.6119,0.2678,16.19,6.217826713120234,-0.0005761759674403066
2024-11-21,503.4163,-0.0626,17.1,6.2214174619942435,0.003590748874009897
2024-11-22,504.2238,0.1745,16.67,6.223020217130448,0.0016027551362043368
2024-11-25,505.0213,-0.3536,15.23,6.224600606603706,0.0015803894732577817
2024-11-26,507.7329,-1.1432,14.95,6.22995552190224,0.0053549152985343795
2024-11-27,503.7353,-1.0026,14.28,6.222050931693675,-0.0079045902085646
2024-11-29,508.1615,-1.0489,14.0,6.230799310440556,0.008748378746880725
2024-12-02,513.6943,-0.5594,14.08,6.241628341441251,0.010829031000694656
2024-12-03,515.2695,-1.3872,13.38,6.244690064760405,0.0030617233191545523
2024-12-04,521.6397,0.431,13.16,6.256977119679265,0.012287054918859397
2024-12-05,520.1942,-0.8243,13.46,6.254202203394532,-0.002774916284733031
2024-12-06,524.8497,-0.2628,13.62,6.26311193588976,0.008909732495228084
2024-12-09,520.7625,-1.5708,13.36,6.255294083693609,-0.007817852196151165
2024-12-10,518.9879,0.8938,14.3,6.251880568828601,-0.0034135148650076275
2024-12-11,528.2791,-1.6436,14.42,6.2696247425321445,0.01774417370354353
2024-12-12,524.8696,-0.3669,13.73,6.263149850787586,-0.006474891744558953
2024-12-13,528.8872,0.2437,13.57,6.270775176606837,0.007625325819251572
2024-12-16,536.5035,-0.1009,14.37,6.285073085814618,0.014297909207781068
2024-12-17,534.1408,0.0957,14.98,6.280659474617246,-0.004413611197372269
2024-12-18,514.8707,-0.2778,15.57,6.243915801179734,-0.036743673437511504
2024-12-19,512.5778,-0.9718,21.61,6.239452504369417,-0.004463296810317097
2024-12-20,517.054,-0.7334,24.14,6.248147317796786,0.00869481342736833
2024-12-23,522.0914,-0.2378,18.09,6.257842668340602,0.009695350543815984
2024-12-24,529.1709,-3.6949,16.97,6.271311442066737,0.013468773726135197
2024-12-26,528.8114,0.3758,14.99,6.2706318465501845,-0.0006795955165523893
2024-12-27,521.7819,-0.1687,15.38,6.257249684481221,-0.013382162068963588
2024-12-30,514.8422,0.5622,17.21,6.243860445944295,-0.013389238536926307
2024-12-31,510.4688,-0.473,17.39,6.235329519184628,-0.008530926759666713
2025-01-02,509.4702,-1.2462,17.21,6.233371362237822,-0.0019581569468059
2025-01-03,517.8078,-1.2462,17.66,6.24960413093515,0.01623276869732848
2025-01-06,523.7589,-1.2462,16.77,6.261031463932066,0.011427332996915673
2025-01-07,514.4128,-1.2462,16.48,6.243026055973077,-0.01800540795898886
2025-01-08,514.5027,-1.2462,17.91,6.243200803073746,0.00017474710066878174
2025-01-10,506.4348,-1.2462,18.29,6.227395588847976,-0.01580521422576986
2025-01-13,504.8072,-1.2462,21.18,6.224176574199772,-0.003219014648204066
2025-01-14,504.3279,-1.2462,18.79,6.22322665176413,-0.0009499224356419589
2025-01-15,515.9306,-1.2462,19.08,6.245972260312117,0.022745608547986684
2025-01-16,512.316,-1.2462,15.87,6.238941622157633,-0.007030638154484237
2025-01-17,520.9631,-1.2462,16.19,6.255679213909242,0.016737591751609493
2025-01-21,524.0186,-1.2462,16.29,6.261527179874274,0.005847965965031676
2025-01-22,530.7186,-1.2462,14.89,6.274231937269427,0.012704757395153088
2025-01-23,531.8469,-1.2462,15.28,6.276355665969584,0.0021237287001572014
2025-01-24,528.8414,-1.2462,15.02,6.270688575941924,-0.00566709002765986
2025-01-27,513.4443,-1.2462,18.83,6.241141552209619,-0.029547023732305
2025-01-28,521.033,-1.2462,18.29,6.255813379478777,0.014671827269157944
2025-01-29,520.0545,-1.2462,16.42,6.253933613775838,-0.001879765702939018
2025-01-30,522.2711,-1.2462,15.93,6.258186801726803,0.004253187950965298
2025-01-31,521.5123,-1.2462,15.45,6.256732859972849,-0.001453941753954524
2025-02-03,517.3385,-1.2462,20.36,6.248697399138585,-0.008035460834263652
2025-02-04,523.689,-1.2462,18.78,6.26089799667302,0.012200597534434365
2025-02-05,526.0655,-1.2462,17.54,6.26542572969998,0.004527733026960412
2025-02-06,528.8114,-1.2462,15.88,6.2706318465501845,0.005206116850204445
2025-02-07,522.1414,-1.2462,15.38,6.2579384324269975,-0.012693414123186919
2025-02-10,528.4619,-1.2462,16.58,6.26997071188854,0.012032279461542394
2025-02-11,527.2038,-1.2462,16.13,6.267587191053065,-0.002383520835475217
2025-02-12,527.5133,-1.2462,15.91,6.268174078302515,0.0005868872494501076
2025-02-13,535.1021,-1.2462,15.97,6.282457569809652,0.014283491507137036
2025-02-14,537.3487,-1.2462,15.08,6.286647232004436,0.00418966219478456
2025-02-18,538.5668,-1.2462,15.57,6.288911537185356,0.002264305180919912
2025-02-19,538.7167,-1.2462,15.14,6.2891898297628765,0.00027829257752021164
2025-02-20,536.43,-1.2462,15.61,6.284936078255221,-0.004253751507655501
2025-02-21,525.2966,-1.2462,15.63,6.26396305544706,-0.020973022808161268
2025-02-24,519.0959,-1.2462,18.08,6.252088644516498,-0.011874410930562185
2025-02-25,512.5557,-1.2462,19.09,6.239409388033831,-0.012679256482666545
2025-02-26,513.7938,-1.2462,18.96,6.241822017650856,0.0024126296170248196
2025-02-27,499.5251,-1.2462,18.25,6.213657847076357,-0.028164170574498826
2025-02-28,507.4133,-1.2462,21.21,6.229325858883142,0.015668011806784676
2025-03-03,496.3098,-1.2462,19.83,6.207200328519741,-0.022125530363401147
2025-03-04,494.8121,-1.2462,22.96,6.204178094544311,-0.003022233975429778
2025-03-05,501.2625,-1.2462,23.03,6.217129915965701,0.012951821421390619
2025-03-06,487.4731,-1.2462,22.6,6.189235109428278,-0.027894806537423378
2025-03-07,491.0577,-1.2462,24.85,6.19656163616509,0.007326526736812333
2025-03-10,472.0261,-1.2462,24.7,6.157034280666924,-0.03952735549816655
2025-03-11,470.8978,-1.2462,27.94,6.154641085333733,-0.002393195333191045
2025-03-12,476.2099,-1.2462,26.88,6.16585872342087,0.01121763808713716
2025-03-13,467.6426,-1.2462,24.92,6.147704328955512,-0.01815439446535816
2025-03-14,478.9458,-1.2462,24.35,6.171587438607864,0.02388310965235263
2025-03-17,482.0511,-1.2462,22.89,6.178050125028748,0.0064626864208836565
2025-03-18,473.8334,-1.2462,20.83,6.160855783119382,-0.01719434190936564
2025-03-19,480.174,-1.2462,21.84,6.174148538214686,0.013292755095303477
2025-03-20,478.5464,-1.2462,19.52,6.170753175888722,-0.0033953623259641574
2025-03-21,480.124,-1.2462,20.02,6.17404440387296,0.0032912279842385317
2025-03-24,490.66,-1.2462,19.13,6.1957514235718865,0.02170701969892619
2025-03-25,493.46,-1.2462,17.58,6.201441801890433,0.005690378318546685
2025-03-26,484.38,-1.2462,17.23,6.182869722634979,-0.018572079255454454
2025-03-27,481.62,-1.2462,18.36,6.17715542137154,-0.005714301263438415
2025-03-28,468.94,-1.2462,19.08,6.15047482849259,-0.026680592878950193
2025-03-31,468.92,-1.2462,24.11,6.150432178203627,-4.265028896277556e-05
2025-04-01,472.7,-1.2462,22.06,6.158460937799191,0.008028759595563706
2025-04-02,476.15,-1.2462,22.3,6.165732930640055,0.0072719928408639944
2025-04-03,450.66,-1.2462,26.38,6.1107131749259755,-0.055019755714079466
2025-04-04,422.67,-1.2462,30.12,6.046591732733295,-0.06412144219268079
2025-04-07,423.69,-1.2462,60.13,6.0490020557490825,0.0024103230157876965
2025-04-08,416.06,-1.2462,44.04,6.030829480630237,-0.018172575118845735
2025-04-09,466.0,-1.2462,50.98,6.144185634125646,0.11335615349540884
2025-04-10,446.18,-1.2462,34.44,6.100722458044504,-0.0434631760811417
2025-04-11,454.4,-1.2462,40.8,6.118977867406942,0.01825540936243808
2025-04-14,457.48,-1.2462,34.76,6.125733167913016,0.006755300506074313
2025-04-15,457.99,-1.2462,30.01,6.126847349814683,0.0011141819016664556
2025-04-16,444.18,-1.2462,33.24,6.096229885683062,-0.030617464131620586
2025-04-17,444.1,-1.2462,30.79,6.0960497622980565,-0.00018012338500561498
2025-04-21,433.11,-1.2462,32.75,6.070991737309833,-0.025058024988223515
2025-04-22,444.48,-1.2462,32.75,6.096905059565979,0.025913322256146287
